2024-11-15 14:22:44,236 Worker rq:worker:fefe41af6b8043bf9e56ee4f718b4cf9 started with PID 29573, version 1.15.1
2024-11-15 14:22:44,236 Subscribing to channel rq:pubsub:fefe41af6b8043bf9e56ee4f718b4cf9
2024-11-15 14:22:44,250 *** Listening on home-harshit-frappe-bench:short, home-harshit-frappe-bench:default, home-harshit-frappe-bench:long...
2024-11-15 14:22:44,257 Cleaning registries for queue: home-harshit-frappe-bench:short
2024-11-15 14:22:44,268 Cleaning registries for queue: home-harshit-frappe-bench:default
2024-11-15 14:22:44,274 Cleaning registries for queue: home-harshit-frappe-bench:long
2024-11-15 14:23:25,899 Worker fefe41af6b8043bf9e56ee4f718b4cf9 [PID 29573]: warm shut down requested
2024-11-15 14:23:25,903 Unsubscribing from channel rq:pubsub:fefe41af6b8043bf9e56ee4f718b4cf9
2024-11-15 14:23:37,146 Worker rq:worker:9a5806d00f314e9ba655fb8b8e245e7a started with PID 29676, version 1.15.1
2024-11-15 14:23:37,146 Subscribing to channel rq:pubsub:9a5806d00f314e9ba655fb8b8e245e7a
2024-11-15 14:23:37,147 *** Listening on home-harshit-frappe-bench:short, home-harshit-frappe-bench:default, home-harshit-frappe-bench:long...
2024-11-15 14:24:37,264 home-harshit-frappe-bench:default: frappe.utils.background_jobs.execute_job(event=None, is_async=True, job_name='frappe.core.doctype.scheduled_job_type.scheduled_job_type.run_scheduled_jo..., kwargs={'job_type': 'erpnext.accounts.doctype.process_payment_reconciliation.proce..., method='frappe.core.doctype.scheduled_job_type.scheduled_job_type.run_scheduled_jo..., site='gosiru', user='Administrator') (gosiru::scheduled_job::erpnext.accounts.doctype.process_payment_reconciliation.process_payment_reconciliation.trigger_reconciliation_for_queued_docs)
2024-11-15 14:24:37,777 home-harshit-frappe-bench:default: Job OK (gosiru::scheduled_job::erpnext.accounts.doctype.process_payment_reconciliation.process_payment_reconciliation.trigger_reconciliation_for_queued_docs)
2024-11-15 14:24:37,778 Result is kept for 600 seconds
2024-11-15 14:24:37,787 home-harshit-frappe-bench:default: frappe.utils.background_jobs.execute_job(event=None, is_async=True, job_name='frappe.core.doctype.scheduled_job_type.scheduled_job_type.run_scheduled_jo..., kwargs={'job_type': 'erpnext.manufacturing.doctype.bom_update_log.bom_update_log.r..., method='frappe.core.doctype.scheduled_job_type.scheduled_job_type.run_scheduled_jo..., site='gosiru', user='Administrator') (gosiru::scheduled_job::erpnext.manufacturing.doctype.bom_update_log.bom_update_log.resume_bom_cost_update_jobs)
2024-11-15 14:24:38,061 home-harshit-frappe-bench:default: Job OK (gosiru::scheduled_job::erpnext.manufacturing.doctype.bom_update_log.bom_update_log.resume_bom_cost_update_jobs)
2024-11-15 14:24:38,061 Result is kept for 600 seconds
2024-11-15 14:24:38,069 home-harshit-frappe-bench:default: frappe.utils.background_jobs.execute_job(event=None, is_async=True, job_name='frappe.core.doctype.scheduled_job_type.scheduled_job_type.run_scheduled_jo..., kwargs={'job_type': 'frappe.website.doctype.personal_data_deletion_request.persona..., method='frappe.core.doctype.scheduled_job_type.scheduled_job_type.run_scheduled_jo..., site='gosiru', user='Administrator') (gosiru::scheduled_job::frappe.website.doctype.personal_data_deletion_request.personal_data_deletion_request.process_data_deletion_request)
2024-11-15 14:24:38,382 home-harshit-frappe-bench:default: Job OK (gosiru::scheduled_job::frappe.website.doctype.personal_data_deletion_request.personal_data_deletion_request.process_data_deletion_request)
2024-11-15 14:24:38,382 Result is kept for 600 seconds
2024-11-15 14:24:38,391 home-harshit-frappe-bench:default: frappe.utils.background_jobs.execute_job(event=None, is_async=True, job_name='frappe.core.doctype.scheduled_job_type.scheduled_job_type.run_scheduled_jo..., kwargs={'job_type': 'frappe.email.doctype.newsletter.newsletter.send_scheduled_ema..., method='frappe.core.doctype.scheduled_job_type.scheduled_job_type.run_scheduled_jo..., site='gosiru', user='Administrator') (gosiru::scheduled_job::frappe.email.doctype.newsletter.newsletter.send_scheduled_email)
2024-11-15 14:24:38,735 home-harshit-frappe-bench:default: Job OK (gosiru::scheduled_job::frappe.email.doctype.newsletter.newsletter.send_scheduled_email)
2024-11-15 14:24:38,735 Result is kept for 600 seconds
2024-11-15 14:24:38,743 home-harshit-frappe-bench:default: frappe.utils.background_jobs.execute_job(event=None, is_async=True, job_name='frappe.core.doctype.scheduled_job_type.scheduled_job_type.run_scheduled_jo..., kwargs={'job_type': 'frappe.integrations.doctype.google_calendar.google_calendar.s..., method='frappe.core.doctype.scheduled_job_type.scheduled_job_type.run_scheduled_jo..., site='gosiru', user='Administrator') (gosiru::scheduled_job::frappe.integrations.doctype.google_calendar.google_calendar.sync)
2024-11-15 14:24:39,222 home-harshit-frappe-bench:default: Job OK (gosiru::scheduled_job::frappe.integrations.doctype.google_calendar.google_calendar.sync)
2024-11-15 14:24:39,223 Result is kept for 600 seconds
2024-11-15 14:24:39,232 home-harshit-frappe-bench:default: frappe.utils.background_jobs.execute_job(event=None, is_async=True, job_name='frappe.core.doctype.scheduled_job_type.scheduled_job_type.run_scheduled_jo..., kwargs={'job_type': 'frappe.desk.form.document_follow.send_hourly_updates'}, method='frappe.core.doctype.scheduled_job_type.scheduled_job_type.run_scheduled_jo..., site='gosiru', user='Administrator') (gosiru::scheduled_job::frappe.desk.form.document_follow.send_hourly_updates)
2024-11-15 14:24:39,471 home-harshit-frappe-bench:default: Job OK (gosiru::scheduled_job::frappe.desk.form.document_follow.send_hourly_updates)
2024-11-15 14:24:39,471 Result is kept for 600 seconds
2024-11-15 14:24:39,480 home-harshit-frappe-bench:default: frappe.utils.background_jobs.execute_job(event=None, is_async=True, job_name='frappe.core.doctype.scheduled_job_type.scheduled_job_type.run_scheduled_jo..., kwargs={'job_type': 'frappe.desk.page.backups.backups.delete_downloadable_backups'..., method='frappe.core.doctype.scheduled_job_type.scheduled_job_type.run_scheduled_jo..., site='gosiru', user='Administrator') (gosiru::scheduled_job::frappe.desk.page.backups.backups.delete_downloadable_backups)
2024-11-15 14:24:39,712 home-harshit-frappe-bench:default: Job OK (gosiru::scheduled_job::frappe.desk.page.backups.backups.delete_downloadable_backups)
2024-11-15 14:24:39,712 Result is kept for 600 seconds
2024-11-15 14:24:39,720 home-harshit-frappe-bench:default: frappe.utils.background_jobs.execute_job(event=None, is_async=True, job_name='frappe.core.doctype.scheduled_job_type.scheduled_job_type.run_scheduled_jo..., kwargs={'job_type': 'frappe.model.utils.user_settings.sync_user_settings'}, method='frappe.core.doctype.scheduled_job_type.scheduled_job_type.run_scheduled_jo..., site='gosiru', user='Administrator') (gosiru::scheduled_job::frappe.model.utils.user_settings.sync_user_settings)
2024-11-15 14:24:39,958 home-harshit-frappe-bench:default: Job OK (gosiru::scheduled_job::frappe.model.utils.user_settings.sync_user_settings)
2024-11-15 14:24:39,958 Result is kept for 600 seconds
2024-11-15 14:24:39,966 home-harshit-frappe-bench:default: frappe.utils.background_jobs.execute_job(event=None, is_async=True, job_name='frappe.core.doctype.scheduled_job_type.scheduled_job_type.run_scheduled_jo..., kwargs={'job_type': 'frappe.model.utils.link_count.update_link_count'}, method='frappe.core.doctype.scheduled_job_type.scheduled_job_type.run_scheduled_jo..., site='gosiru', user='Administrator') (gosiru::scheduled_job::frappe.model.utils.link_count.update_link_count)
2024-11-15 14:24:40,215 home-harshit-frappe-bench:default: Job OK (gosiru::scheduled_job::frappe.model.utils.link_count.update_link_count)
2024-11-15 14:24:40,216 Result is kept for 600 seconds
2024-11-15 14:24:40,225 home-harshit-frappe-bench:default: frappe.utils.background_jobs.execute_job(event=None, is_async=True, job_name='frappe.core.doctype.scheduled_job_type.scheduled_job_type.run_scheduled_jo..., kwargs={'job_type': 'frappe.automation.doctype.reminder.reminder.send_reminders'}, method='frappe.core.doctype.scheduled_job_type.scheduled_job_type.run_scheduled_jo..., site='gosiru', user='Administrator') (gosiru::scheduled_job::frappe.automation.doctype.reminder.reminder.send_reminders)
2024-11-15 14:24:40,461 home-harshit-frappe-bench:default: Job OK (gosiru::scheduled_job::frappe.automation.doctype.reminder.reminder.send_reminders)
2024-11-15 14:24:40,462 Result is kept for 600 seconds
2024-11-15 14:24:40,469 home-harshit-frappe-bench:default: frappe.utils.background_jobs.execute_job(event=None, is_async=True, job_name='frappe.core.doctype.scheduled_job_type.scheduled_job_type.run_scheduled_jo..., kwargs={'job_type': 'frappe.monitor.flush'}, method='frappe.core.doctype.scheduled_job_type.scheduled_job_type.run_scheduled_jo..., site='gosiru', user='Administrator') (gosiru::scheduled_job::frappe.monitor.flush)
2024-11-15 14:24:40,670 home-harshit-frappe-bench:default: Job OK (gosiru::scheduled_job::frappe.monitor.flush)
2024-11-15 14:24:40,670 Result is kept for 600 seconds
2024-11-15 14:24:40,678 home-harshit-frappe-bench:default: frappe.utils.background_jobs.execute_job(event=None, is_async=True, job_name='frappe.core.doctype.scheduled_job_type.scheduled_job_type.run_scheduled_jo..., kwargs={'job_type': 'frappe.email.queue.flush'}, method='frappe.core.doctype.scheduled_job_type.scheduled_job_type.run_scheduled_jo..., site='gosiru', user='Administrator') (gosiru::scheduled_job::frappe.email.queue.flush)
2024-11-15 14:24:40,989 home-harshit-frappe-bench:default: Job OK (gosiru::scheduled_job::frappe.email.queue.flush)
2024-11-15 14:24:40,989 Result is kept for 600 seconds
2024-11-15 14:24:40,998 home-harshit-frappe-bench:default: frappe.utils.background_jobs.execute_job(event=None, is_async=True, job_name='frappe.core.doctype.scheduled_job_type.scheduled_job_type.run_scheduled_jo..., kwargs={'job_type': 'frappe.email.doctype.email_account.email_account.pull'}, method='frappe.core.doctype.scheduled_job_type.scheduled_job_type.run_scheduled_jo..., site='gosiru', user='Administrator') (gosiru::scheduled_job::frappe.email.doctype.email_account.email_account.pull)
2024-11-15 14:24:41,301 home-harshit-frappe-bench:default: Job OK (gosiru::scheduled_job::frappe.email.doctype.email_account.email_account.pull)
2024-11-15 14:24:41,302 Result is kept for 600 seconds
2024-11-15 14:24:41,311 home-harshit-frappe-bench:default: frappe.utils.background_jobs.execute_job(event=None, is_async=True, job_name='frappe.core.doctype.scheduled_job_type.scheduled_job_type.run_scheduled_jo..., kwargs={'job_type': 'frappe.deferred_insert.save_to_db'}, method='frappe.core.doctype.scheduled_job_type.scheduled_job_type.run_scheduled_jo..., site='gosiru', user='Administrator') (gosiru::scheduled_job::frappe.deferred_insert.save_to_db)
2024-11-15 14:24:41,550 home-harshit-frappe-bench:default: Job OK (gosiru::scheduled_job::frappe.deferred_insert.save_to_db)
2024-11-15 14:24:41,550 Result is kept for 600 seconds
2024-11-15 14:24:41,559 home-harshit-frappe-bench:default: frappe.utils.background_jobs.execute_job(event=None, is_async=True, job_name='frappe.core.doctype.scheduled_job_type.scheduled_job_type.run_scheduled_jo..., kwargs={'job_type': 'frappe.utils.global_search.sync_global_search'}, method='frappe.core.doctype.scheduled_job_type.scheduled_job_type.run_scheduled_jo..., site='gosiru', user='Administrator') (gosiru::scheduled_job::frappe.utils.global_search.sync_global_search)
2024-11-15 14:24:41,828 home-harshit-frappe-bench:default: Job OK (gosiru::scheduled_job::frappe.utils.global_search.sync_global_search)
2024-11-15 14:24:41,828 Result is kept for 600 seconds
2024-11-15 14:24:41,836 home-harshit-frappe-bench:default: frappe.utils.background_jobs.execute_job(event=None, is_async=True, job_name='frappe.core.doctype.scheduled_job_type.scheduled_job_type.run_scheduled_jo..., kwargs={'job_type': 'frappe.email.doctype.email_account.email_account.notify_unrep..., method='frappe.core.doctype.scheduled_job_type.scheduled_job_type.run_scheduled_jo..., site='gosiru', user='Administrator') (gosiru::scheduled_job::frappe.email.doctype.email_account.email_account.notify_unreplied)
2024-11-15 14:24:42,143 home-harshit-frappe-bench:default: Job OK (gosiru::scheduled_job::frappe.email.doctype.email_account.email_account.notify_unreplied)
2024-11-15 14:24:42,143 Result is kept for 600 seconds
2024-11-15 14:24:42,152 home-harshit-frappe-bench:default: frappe.utils.background_jobs.execute_job(event=None, is_async=True, job_name='frappe.core.doctype.scheduled_job_type.scheduled_job_type.run_scheduled_jo..., kwargs={'job_type': 'frappe.twofactor.delete_all_barcodes_for_users'}, method='frappe.core.doctype.scheduled_job_type.scheduled_job_type.run_scheduled_jo..., site='gosiru', user='Administrator') (gosiru::scheduled_job::frappe.twofactor.delete_all_barcodes_for_users)
2024-11-15 14:24:42,413 home-harshit-frappe-bench:default: Job OK (gosiru::scheduled_job::frappe.twofactor.delete_all_barcodes_for_users)
2024-11-15 14:24:42,413 Result is kept for 600 seconds
2024-11-15 14:24:42,421 home-harshit-frappe-bench:default: frappe.utils.background_jobs.execute_job(event=None, is_async=True, job_name='frappe.core.doctype.scheduled_job_type.scheduled_job_type.run_scheduled_jo..., kwargs={'job_type': 'frappe.website.doctype.web_page.web_page.check_publish_status..., method='frappe.core.doctype.scheduled_job_type.scheduled_job_type.run_scheduled_jo..., site='gosiru', user='Administrator') (gosiru::scheduled_job::frappe.website.doctype.web_page.web_page.check_publish_status)
2024-11-15 14:24:42,757 home-harshit-frappe-bench:default: Job OK (gosiru::scheduled_job::frappe.website.doctype.web_page.web_page.check_publish_status)
2024-11-15 14:24:42,757 Result is kept for 600 seconds
2024-11-15 14:24:42,766 home-harshit-frappe-bench:default: frappe.utils.background_jobs.execute_job(event=None, is_async=True, job_name='frappe.core.doctype.scheduled_job_type.scheduled_job_type.run_scheduled_jo..., kwargs={'job_type': 'frappe.oauth.delete_oauth2_data'}, method='frappe.core.doctype.scheduled_job_type.scheduled_job_type.run_scheduled_jo..., site='gosiru', user='Administrator') (gosiru::scheduled_job::frappe.oauth.delete_oauth2_data)
2024-11-15 14:24:43,066 home-harshit-frappe-bench:default: Job OK (gosiru::scheduled_job::frappe.oauth.delete_oauth2_data)
2024-11-15 14:24:43,066 Result is kept for 600 seconds
2024-11-15 14:25:33,012 home-harshit-frappe-bench:default: frappe.utils.background_jobs.execute_job(event=None, is_async=True, job_name='frappe.core.doctype.user.user.create_contact', kwargs={'user': <User: harshitpadha@gosiru.com>, 'ignore_mandatory': True}, method='frappe.core.doctype.user.user.create_contact', site='gosiru', user='Administrator') (gosiru::f01b1265-93f9-4204-beed-53e6ef62da02)
2024-11-15 14:25:34,273 home-harshit-frappe-bench:default: Job OK (gosiru::f01b1265-93f9-4204-beed-53e6ef62da02)
2024-11-15 14:25:34,273 Result is kept for 600 seconds
2024-11-15 14:25:34,285 home-harshit-frappe-bench:default: frappe.utils.background_jobs.execute_job(event=None, is_async=True, job_name='frappe.core.doctype.user.user.update_gravatar', kwargs={'name': 'harshitpadha@gosiru.com'}, method='frappe.core.doctype.user.user.update_gravatar', site='gosiru', user='Administrator') (gosiru::553164be-4eea-43e5-8c65-73373a0627a9)
2024-11-15 14:25:34,685 home-harshit-frappe-bench:default: Job OK (gosiru::553164be-4eea-43e5-8c65-73373a0627a9)
2024-11-15 14:25:34,686 Result is kept for 600 seconds
2024-11-15 14:28:38,041 home-harshit-frappe-bench:default: frappe.utils.background_jobs.execute_job(event=None, is_async=True, job_name='frappe.core.doctype.scheduled_job_type.scheduled_job_type.run_scheduled_jo..., kwargs={'job_type': 'frappe.automation.doctype.reminder.reminder.send_reminders'}, method='frappe.core.doctype.scheduled_job_type.scheduled_job_type.run_scheduled_jo..., site='gosiru', user='Administrator') (gosiru::scheduled_job::frappe.automation.doctype.reminder.reminder.send_reminders)
2024-11-15 14:28:38,285 home-harshit-frappe-bench:default: Job OK (gosiru::scheduled_job::frappe.automation.doctype.reminder.reminder.send_reminders)
2024-11-15 14:28:38,285 Result is kept for 600 seconds
2024-11-15 14:28:38,292 home-harshit-frappe-bench:default: frappe.utils.background_jobs.execute_job(event=None, is_async=True, job_name='frappe.core.doctype.scheduled_job_type.scheduled_job_type.run_scheduled_jo..., kwargs={'job_type': 'frappe.monitor.flush'}, method='frappe.core.doctype.scheduled_job_type.scheduled_job_type.run_scheduled_jo..., site='gosiru', user='Administrator') (gosiru::scheduled_job::frappe.monitor.flush)
2024-11-15 14:28:38,489 home-harshit-frappe-bench:default: Job OK (gosiru::scheduled_job::frappe.monitor.flush)
2024-11-15 14:28:38,489 Result is kept for 600 seconds
2024-11-15 14:28:38,497 home-harshit-frappe-bench:default: frappe.utils.background_jobs.execute_job(event=None, is_async=True, job_name='frappe.core.doctype.scheduled_job_type.scheduled_job_type.run_scheduled_jo..., kwargs={'job_type': 'frappe.email.queue.flush'}, method='frappe.core.doctype.scheduled_job_type.scheduled_job_type.run_scheduled_jo..., site='gosiru', user='Administrator') (gosiru::scheduled_job::frappe.email.queue.flush)
2024-11-15 14:28:38,818 home-harshit-frappe-bench:default: Job OK (gosiru::scheduled_job::frappe.email.queue.flush)
2024-11-15 14:28:38,818 Result is kept for 600 seconds
2024-11-15 14:30:38,340 home-harshit-frappe-bench:default: frappe.utils.background_jobs.execute_job(event=None, is_async=True, job_name='frappe.core.doctype.scheduled_job_type.scheduled_job_type.run_scheduled_jo..., kwargs={'job_type': 'erpnext.utilities.doctype.video.video.update_youtube_data'}, method='frappe.core.doctype.scheduled_job_type.scheduled_job_type.run_scheduled_jo..., site='gosiru', user='Administrator') (gosiru::scheduled_job::erpnext.utilities.doctype.video.video.update_youtube_data)
2024-11-15 14:30:38,852 home-harshit-frappe-bench:default: Job OK (gosiru::scheduled_job::erpnext.utilities.doctype.video.video.update_youtube_data)
2024-11-15 14:30:38,852 Result is kept for 600 seconds
2024-11-15 14:30:38,861 home-harshit-frappe-bench:default: frappe.utils.background_jobs.execute_job(event=None, is_async=True, job_name='frappe.core.doctype.scheduled_job_type.scheduled_job_type.run_scheduled_jo..., kwargs={'job_type': 'erpnext.accounts.doctype.gl_entry.gl_entry.rename_gle_sle_doc..., method='frappe.core.doctype.scheduled_job_type.scheduled_job_type.run_scheduled_jo..., site='gosiru', user='Administrator') (gosiru::scheduled_job::erpnext.accounts.doctype.gl_entry.gl_entry.rename_gle_sle_docs)
2024-11-15 14:30:39,189 home-harshit-frappe-bench:default: Job OK (gosiru::scheduled_job::erpnext.accounts.doctype.gl_entry.gl_entry.rename_gle_sle_docs)
2024-11-15 14:30:39,190 Result is kept for 600 seconds
2024-11-15 14:30:39,198 home-harshit-frappe-bench:default: frappe.utils.background_jobs.execute_job(event=None, is_async=True, job_name='frappe.core.doctype.scheduled_job_type.scheduled_job_type.run_scheduled_jo..., kwargs={'job_type': 'erpnext.accounts.doctype.process_payment_reconciliation.proce..., method='frappe.core.doctype.scheduled_job_type.scheduled_job_type.run_scheduled_jo..., site='gosiru', user='Administrator') (gosiru::scheduled_job::erpnext.accounts.doctype.process_payment_reconciliation.process_payment_reconciliation.trigger_reconciliation_for_queued_docs)
2024-11-15 14:30:39,436 home-harshit-frappe-bench:default: Job OK (gosiru::scheduled_job::erpnext.accounts.doctype.process_payment_reconciliation.process_payment_reconciliation.trigger_reconciliation_for_queued_docs)
2024-11-15 14:30:39,436 Result is kept for 600 seconds
2024-11-15 14:30:39,444 home-harshit-frappe-bench:default: frappe.utils.background_jobs.execute_job(event=None, is_async=True, job_name='frappe.core.doctype.scheduled_job_type.scheduled_job_type.run_scheduled_jo..., kwargs={'job_type': 'erpnext.manufacturing.doctype.bom_update_log.bom_update_log.r..., method='frappe.core.doctype.scheduled_job_type.scheduled_job_type.run_scheduled_jo..., site='gosiru', user='Administrator') (gosiru::scheduled_job::erpnext.manufacturing.doctype.bom_update_log.bom_update_log.resume_bom_cost_update_jobs)
2024-11-15 14:30:39,722 home-harshit-frappe-bench:default: Job OK (gosiru::scheduled_job::erpnext.manufacturing.doctype.bom_update_log.bom_update_log.resume_bom_cost_update_jobs)
2024-11-15 14:30:39,722 Result is kept for 600 seconds
2024-11-15 14:30:39,730 home-harshit-frappe-bench:default: frappe.utils.background_jobs.execute_job(event=None, is_async=True, job_name='frappe.core.doctype.scheduled_job_type.scheduled_job_type.run_scheduled_jo..., kwargs={'job_type': 'frappe.core.doctype.prepared_report.prepared_report.expire_st..., method='frappe.core.doctype.scheduled_job_type.scheduled_job_type.run_scheduled_jo..., site='gosiru', user='Administrator') (gosiru::scheduled_job::frappe.core.doctype.prepared_report.prepared_report.expire_stalled_report)
2024-11-15 14:30:39,967 home-harshit-frappe-bench:default: Job OK (gosiru::scheduled_job::frappe.core.doctype.prepared_report.prepared_report.expire_stalled_report)
2024-11-15 14:30:39,967 Result is kept for 600 seconds
2024-11-15 14:30:39,975 home-harshit-frappe-bench:default: frappe.utils.background_jobs.execute_job(event=None, is_async=True, job_name='frappe.core.doctype.scheduled_job_type.scheduled_job_type.run_scheduled_jo..., kwargs={'job_type': 'frappe.email.doctype.email_account.email_account.pull'}, method='frappe.core.doctype.scheduled_job_type.scheduled_job_type.run_scheduled_jo..., site='gosiru', user='Administrator') (gosiru::scheduled_job::frappe.email.doctype.email_account.email_account.pull)
2024-11-15 14:30:40,275 home-harshit-frappe-bench:default: Job OK (gosiru::scheduled_job::frappe.email.doctype.email_account.email_account.pull)
2024-11-15 14:30:40,275 Result is kept for 600 seconds
2024-11-15 14:30:40,283 home-harshit-frappe-bench:default: frappe.utils.background_jobs.execute_job(event=None, is_async=True, job_name='frappe.core.doctype.scheduled_job_type.scheduled_job_type.run_scheduled_jo..., kwargs={'job_type': 'frappe.deferred_insert.save_to_db'}, method='frappe.core.doctype.scheduled_job_type.scheduled_job_type.run_scheduled_jo..., site='gosiru', user='Administrator') (gosiru::scheduled_job::frappe.deferred_insert.save_to_db)
2024-11-15 14:30:40,570 home-harshit-frappe-bench:default: Job OK (gosiru::scheduled_job::frappe.deferred_insert.save_to_db)
2024-11-15 14:30:40,570 Result is kept for 600 seconds
2024-11-15 14:30:40,580 home-harshit-frappe-bench:default: frappe.utils.background_jobs.execute_job(event=None, is_async=True, job_name='frappe.core.doctype.scheduled_job_type.scheduled_job_type.run_scheduled_jo..., kwargs={'job_type': 'frappe.utils.global_search.sync_global_search'}, method='frappe.core.doctype.scheduled_job_type.scheduled_job_type.run_scheduled_jo..., site='gosiru', user='Administrator') (gosiru::scheduled_job::frappe.utils.global_search.sync_global_search)
2024-11-15 14:30:40,862 home-harshit-frappe-bench:default: Job OK (gosiru::scheduled_job::frappe.utils.global_search.sync_global_search)
2024-11-15 14:30:40,862 Result is kept for 600 seconds
2024-11-15 14:30:40,870 home-harshit-frappe-bench:default: frappe.utils.background_jobs.execute_job(event=None, is_async=True, job_name='frappe.core.doctype.scheduled_job_type.scheduled_job_type.run_scheduled_jo..., kwargs={'job_type': 'frappe.email.doctype.email_account.email_account.notify_unrep..., method='frappe.core.doctype.scheduled_job_type.scheduled_job_type.run_scheduled_jo..., site='gosiru', user='Administrator') (gosiru::scheduled_job::frappe.email.doctype.email_account.email_account.notify_unreplied)
2024-11-15 14:30:41,135 home-harshit-frappe-bench:default: Job OK (gosiru::scheduled_job::frappe.email.doctype.email_account.email_account.notify_unreplied)
2024-11-15 14:30:41,135 Result is kept for 600 seconds
2024-11-15 14:30:41,143 home-harshit-frappe-bench:default: frappe.utils.background_jobs.execute_job(event=None, is_async=True, job_name='frappe.core.doctype.scheduled_job_type.scheduled_job_type.run_scheduled_jo..., kwargs={'job_type': 'frappe.twofactor.delete_all_barcodes_for_users'}, method='frappe.core.doctype.scheduled_job_type.scheduled_job_type.run_scheduled_jo..., site='gosiru', user='Administrator') (gosiru::scheduled_job::frappe.twofactor.delete_all_barcodes_for_users)
2024-11-15 14:30:41,396 home-harshit-frappe-bench:default: Job OK (gosiru::scheduled_job::frappe.twofactor.delete_all_barcodes_for_users)
2024-11-15 14:30:41,396 Result is kept for 600 seconds
2024-11-15 14:30:41,404 home-harshit-frappe-bench:default: frappe.utils.background_jobs.execute_job(event=None, is_async=True, job_name='frappe.core.doctype.scheduled_job_type.scheduled_job_type.run_scheduled_jo..., kwargs={'job_type': 'frappe.website.doctype.web_page.web_page.check_publish_status..., method='frappe.core.doctype.scheduled_job_type.scheduled_job_type.run_scheduled_jo..., site='gosiru', user='Administrator') (gosiru::scheduled_job::frappe.website.doctype.web_page.web_page.check_publish_status)
2024-11-15 14:30:41,712 home-harshit-frappe-bench:default: Job OK (gosiru::scheduled_job::frappe.website.doctype.web_page.web_page.check_publish_status)
2024-11-15 14:30:41,712 Result is kept for 600 seconds
2024-11-15 14:30:41,721 home-harshit-frappe-bench:default: frappe.utils.background_jobs.execute_job(event=None, is_async=True, job_name='frappe.core.doctype.scheduled_job_type.scheduled_job_type.run_scheduled_jo..., kwargs={'job_type': 'frappe.oauth.delete_oauth2_data'}, method='frappe.core.doctype.scheduled_job_type.scheduled_job_type.run_scheduled_jo..., site='gosiru', user='Administrator') (gosiru::scheduled_job::frappe.oauth.delete_oauth2_data)
2024-11-15 14:30:41,977 home-harshit-frappe-bench:default: Job OK (gosiru::scheduled_job::frappe.oauth.delete_oauth2_data)
2024-11-15 14:30:41,977 Result is kept for 600 seconds
2024-11-15 14:32:38,754 home-harshit-frappe-bench:default: frappe.utils.background_jobs.execute_job(event=None, is_async=True, job_name='frappe.core.doctype.scheduled_job_type.scheduled_job_type.run_scheduled_jo..., kwargs={'job_type': 'frappe.automation.doctype.reminder.reminder.send_reminders'}, method='frappe.core.doctype.scheduled_job_type.scheduled_job_type.run_scheduled_jo..., site='gosiru', user='Administrator') (gosiru::scheduled_job::frappe.automation.doctype.reminder.reminder.send_reminders)
2024-11-15 14:32:38,967 home-harshit-frappe-bench:default: Job OK (gosiru::scheduled_job::frappe.automation.doctype.reminder.reminder.send_reminders)
2024-11-15 14:32:38,968 Result is kept for 600 seconds
2024-11-15 14:32:38,976 home-harshit-frappe-bench:default: frappe.utils.background_jobs.execute_job(event=None, is_async=True, job_name='frappe.core.doctype.scheduled_job_type.scheduled_job_type.run_scheduled_jo..., kwargs={'job_type': 'frappe.monitor.flush'}, method='frappe.core.doctype.scheduled_job_type.scheduled_job_type.run_scheduled_jo..., site='gosiru', user='Administrator') (gosiru::scheduled_job::frappe.monitor.flush)
2024-11-15 14:32:39,184 home-harshit-frappe-bench:default: Job OK (gosiru::scheduled_job::frappe.monitor.flush)
2024-11-15 14:32:39,184 Result is kept for 600 seconds
2024-11-15 14:32:39,194 home-harshit-frappe-bench:default: frappe.utils.background_jobs.execute_job(event=None, is_async=True, job_name='frappe.core.doctype.scheduled_job_type.scheduled_job_type.run_scheduled_jo..., kwargs={'job_type': 'frappe.email.queue.flush'}, method='frappe.core.doctype.scheduled_job_type.scheduled_job_type.run_scheduled_jo..., site='gosiru', user='Administrator') (gosiru::scheduled_job::frappe.email.queue.flush)
2024-11-15 14:32:39,537 home-harshit-frappe-bench:default: Job OK (gosiru::scheduled_job::frappe.email.queue.flush)
2024-11-15 14:32:39,537 Result is kept for 600 seconds
2024-11-15 14:36:39,374 home-harshit-frappe-bench:default: frappe.utils.background_jobs.execute_job(event=None, is_async=True, job_name='frappe.core.doctype.scheduled_job_type.scheduled_job_type.run_scheduled_jo..., kwargs={'job_type': 'frappe.automation.doctype.reminder.reminder.send_reminders'}, method='frappe.core.doctype.scheduled_job_type.scheduled_job_type.run_scheduled_jo..., site='gosiru', user='Administrator') (gosiru::scheduled_job::frappe.automation.doctype.reminder.reminder.send_reminders)
2024-11-15 14:36:39,596 home-harshit-frappe-bench:default: Job OK (gosiru::scheduled_job::frappe.automation.doctype.reminder.reminder.send_reminders)
2024-11-15 14:36:39,596 Result is kept for 600 seconds
2024-11-15 14:36:39,606 home-harshit-frappe-bench:default: frappe.utils.background_jobs.execute_job(event=None, is_async=True, job_name='frappe.core.doctype.scheduled_job_type.scheduled_job_type.run_scheduled_jo..., kwargs={'job_type': 'frappe.monitor.flush'}, method='frappe.core.doctype.scheduled_job_type.scheduled_job_type.run_scheduled_jo..., site='gosiru', user='Administrator') (gosiru::scheduled_job::frappe.monitor.flush)
2024-11-15 14:36:39,814 home-harshit-frappe-bench:default: Job OK (gosiru::scheduled_job::frappe.monitor.flush)
2024-11-15 14:36:39,815 Result is kept for 600 seconds
2024-11-15 14:36:39,822 home-harshit-frappe-bench:default: frappe.utils.background_jobs.execute_job(event=None, is_async=True, job_name='frappe.core.doctype.scheduled_job_type.scheduled_job_type.run_scheduled_jo..., kwargs={'job_type': 'frappe.email.queue.flush'}, method='frappe.core.doctype.scheduled_job_type.scheduled_job_type.run_scheduled_jo..., site='gosiru', user='Administrator') (gosiru::scheduled_job::frappe.email.queue.flush)
2024-11-15 14:36:40,131 home-harshit-frappe-bench:default: Job OK (gosiru::scheduled_job::frappe.email.queue.flush)
2024-11-15 14:36:40,131 Result is kept for 600 seconds
2024-11-15 14:40:40,020 home-harshit-frappe-bench:default: frappe.utils.background_jobs.execute_job(event=None, is_async=True, job_name='frappe.core.doctype.scheduled_job_type.scheduled_job_type.run_scheduled_jo..., kwargs={'job_type': 'frappe.automation.doctype.reminder.reminder.send_reminders'}, method='frappe.core.doctype.scheduled_job_type.scheduled_job_type.run_scheduled_jo..., site='gosiru', user='Administrator') (gosiru::scheduled_job::frappe.automation.doctype.reminder.reminder.send_reminders)
2024-11-15 14:40:40,267 home-harshit-frappe-bench:default: Job OK (gosiru::scheduled_job::frappe.automation.doctype.reminder.reminder.send_reminders)
2024-11-15 14:40:40,267 Result is kept for 600 seconds
2024-11-15 14:40:40,275 home-harshit-frappe-bench:default: frappe.utils.background_jobs.execute_job(event=None, is_async=True, job_name='frappe.core.doctype.scheduled_job_type.scheduled_job_type.run_scheduled_jo..., kwargs={'job_type': 'frappe.monitor.flush'}, method='frappe.core.doctype.scheduled_job_type.scheduled_job_type.run_scheduled_jo..., site='gosiru', user='Administrator') (gosiru::scheduled_job::frappe.monitor.flush)
2024-11-15 14:40:40,532 home-harshit-frappe-bench:default: Job OK (gosiru::scheduled_job::frappe.monitor.flush)
2024-11-15 14:40:40,532 Result is kept for 600 seconds
2024-11-15 14:40:40,541 home-harshit-frappe-bench:default: frappe.utils.background_jobs.execute_job(event=None, is_async=True, job_name='frappe.core.doctype.scheduled_job_type.scheduled_job_type.run_scheduled_jo..., kwargs={'job_type': 'frappe.email.queue.flush'}, method='frappe.core.doctype.scheduled_job_type.scheduled_job_type.run_scheduled_jo..., site='gosiru', user='Administrator') (gosiru::scheduled_job::frappe.email.queue.flush)
2024-11-15 14:40:40,877 home-harshit-frappe-bench:default: Job OK (gosiru::scheduled_job::frappe.email.queue.flush)
2024-11-15 14:40:40,877 Result is kept for 600 seconds
2024-11-15 14:41:40,189 home-harshit-frappe-bench:default: frappe.utils.background_jobs.execute_job(event=None, is_async=True, job_name='frappe.core.doctype.scheduled_job_type.scheduled_job_type.run_scheduled_jo..., kwargs={'job_type': 'frappe.email.doctype.email_account.email_account.pull'}, method='frappe.core.doctype.scheduled_job_type.scheduled_job_type.run_scheduled_jo..., site='gosiru', user='Administrator') (gosiru::scheduled_job::frappe.email.doctype.email_account.email_account.pull)
2024-11-15 14:41:40,447 home-harshit-frappe-bench:default: Job OK (gosiru::scheduled_job::frappe.email.doctype.email_account.email_account.pull)
2024-11-15 14:41:40,447 Result is kept for 600 seconds
2024-11-15 14:44:40,656 home-harshit-frappe-bench:default: frappe.utils.background_jobs.execute_job(event=None, is_async=True, job_name='frappe.core.doctype.scheduled_job_type.scheduled_job_type.run_scheduled_jo..., kwargs={'job_type': 'frappe.automation.doctype.reminder.reminder.send_reminders'}, method='frappe.core.doctype.scheduled_job_type.scheduled_job_type.run_scheduled_jo..., site='gosiru', user='Administrator') (gosiru::scheduled_job::frappe.automation.doctype.reminder.reminder.send_reminders)
2024-11-15 14:44:40,883 home-harshit-frappe-bench:default: Job OK (gosiru::scheduled_job::frappe.automation.doctype.reminder.reminder.send_reminders)
2024-11-15 14:44:40,883 Result is kept for 600 seconds
2024-11-15 14:44:40,891 home-harshit-frappe-bench:default: frappe.utils.background_jobs.execute_job(event=None, is_async=True, job_name='frappe.core.doctype.scheduled_job_type.scheduled_job_type.run_scheduled_jo..., kwargs={'job_type': 'frappe.monitor.flush'}, method='frappe.core.doctype.scheduled_job_type.scheduled_job_type.run_scheduled_jo..., site='gosiru', user='Administrator') (gosiru::scheduled_job::frappe.monitor.flush)
2024-11-15 14:44:41,140 home-harshit-frappe-bench:default: Job OK (gosiru::scheduled_job::frappe.monitor.flush)
2024-11-15 14:44:41,140 Result is kept for 600 seconds
2024-11-15 14:44:41,147 home-harshit-frappe-bench:default: frappe.utils.background_jobs.execute_job(event=None, is_async=True, job_name='frappe.core.doctype.scheduled_job_type.scheduled_job_type.run_scheduled_jo..., kwargs={'job_type': 'frappe.email.queue.flush'}, method='frappe.core.doctype.scheduled_job_type.scheduled_job_type.run_scheduled_jo..., site='gosiru', user='Administrator') (gosiru::scheduled_job::frappe.email.queue.flush)
2024-11-15 14:44:41,453 home-harshit-frappe-bench:default: Job OK (gosiru::scheduled_job::frappe.email.queue.flush)
2024-11-15 14:44:41,453 Result is kept for 600 seconds
2024-11-15 14:45:40,757 home-harshit-frappe-bench:default: frappe.utils.background_jobs.execute_job(event=None, is_async=True, job_name='frappe.core.doctype.scheduled_job_type.scheduled_job_type.run_scheduled_jo..., kwargs={'job_type': 'erpnext.accounts.doctype.process_payment_reconciliation.proce..., method='frappe.core.doctype.scheduled_job_type.scheduled_job_type.run_scheduled_jo..., site='gosiru', user='Administrator') (gosiru::scheduled_job::erpnext.accounts.doctype.process_payment_reconciliation.process_payment_reconciliation.trigger_reconciliation_for_queued_docs)
2024-11-15 14:45:41,010 home-harshit-frappe-bench:default: Job OK (gosiru::scheduled_job::erpnext.accounts.doctype.process_payment_reconciliation.process_payment_reconciliation.trigger_reconciliation_for_queued_docs)
2024-11-15 14:45:41,010 Result is kept for 600 seconds
2024-11-15 14:45:41,018 home-harshit-frappe-bench:default: frappe.utils.background_jobs.execute_job(event=None, is_async=True, job_name='frappe.core.doctype.scheduled_job_type.scheduled_job_type.run_scheduled_jo..., kwargs={'job_type': 'erpnext.manufacturing.doctype.bom_update_log.bom_update_log.r..., method='frappe.core.doctype.scheduled_job_type.scheduled_job_type.run_scheduled_jo..., site='gosiru', user='Administrator') (gosiru::scheduled_job::erpnext.manufacturing.doctype.bom_update_log.bom_update_log.resume_bom_cost_update_jobs)
2024-11-15 14:45:41,279 home-harshit-frappe-bench:default: Job OK (gosiru::scheduled_job::erpnext.manufacturing.doctype.bom_update_log.bom_update_log.resume_bom_cost_update_jobs)
2024-11-15 14:45:41,279 Result is kept for 600 seconds
2024-11-15 14:45:41,287 home-harshit-frappe-bench:default: frappe.utils.background_jobs.execute_job(event=None, is_async=True, job_name='frappe.core.doctype.scheduled_job_type.scheduled_job_type.run_scheduled_jo..., kwargs={'job_type': 'frappe.deferred_insert.save_to_db'}, method='frappe.core.doctype.scheduled_job_type.scheduled_job_type.run_scheduled_jo..., site='gosiru', user='Administrator') (gosiru::scheduled_job::frappe.deferred_insert.save_to_db)
2024-11-15 14:45:41,548 home-harshit-frappe-bench:default: Job OK (gosiru::scheduled_job::frappe.deferred_insert.save_to_db)
2024-11-15 14:45:41,548 Result is kept for 600 seconds
2024-11-15 14:45:41,556 home-harshit-frappe-bench:default: frappe.utils.background_jobs.execute_job(event=None, is_async=True, job_name='frappe.core.doctype.scheduled_job_type.scheduled_job_type.run_scheduled_jo..., kwargs={'job_type': 'frappe.utils.global_search.sync_global_search'}, method='frappe.core.doctype.scheduled_job_type.scheduled_job_type.run_scheduled_jo..., site='gosiru', user='Administrator') (gosiru::scheduled_job::frappe.utils.global_search.sync_global_search)
2024-11-15 14:45:41,805 home-harshit-frappe-bench:default: Job OK (gosiru::scheduled_job::frappe.utils.global_search.sync_global_search)
2024-11-15 14:45:41,805 Result is kept for 600 seconds
2024-11-15 14:45:41,813 home-harshit-frappe-bench:default: frappe.utils.background_jobs.execute_job(event=None, is_async=True, job_name='frappe.core.doctype.scheduled_job_type.scheduled_job_type.run_scheduled_jo..., kwargs={'job_type': 'frappe.email.doctype.email_account.email_account.notify_unrep..., method='frappe.core.doctype.scheduled_job_type.scheduled_job_type.run_scheduled_jo..., site='gosiru', user='Administrator') (gosiru::scheduled_job::frappe.email.doctype.email_account.email_account.notify_unreplied)
2024-11-15 14:45:42,060 home-harshit-frappe-bench:default: Job OK (gosiru::scheduled_job::frappe.email.doctype.email_account.email_account.notify_unreplied)
2024-11-15 14:45:42,060 Result is kept for 600 seconds
2024-11-15 14:45:42,067 home-harshit-frappe-bench:default: frappe.utils.background_jobs.execute_job(event=None, is_async=True, job_name='frappe.core.doctype.scheduled_job_type.scheduled_job_type.run_scheduled_jo..., kwargs={'job_type': 'frappe.twofactor.delete_all_barcodes_for_users'}, method='frappe.core.doctype.scheduled_job_type.scheduled_job_type.run_scheduled_jo..., site='gosiru', user='Administrator') (gosiru::scheduled_job::frappe.twofactor.delete_all_barcodes_for_users)
2024-11-15 14:45:42,326 home-harshit-frappe-bench:default: Job OK (gosiru::scheduled_job::frappe.twofactor.delete_all_barcodes_for_users)
2024-11-15 14:45:42,326 Result is kept for 600 seconds
2024-11-15 14:45:42,334 home-harshit-frappe-bench:default: frappe.utils.background_jobs.execute_job(event=None, is_async=True, job_name='frappe.core.doctype.scheduled_job_type.scheduled_job_type.run_scheduled_jo..., kwargs={'job_type': 'frappe.website.doctype.web_page.web_page.check_publish_status..., method='frappe.core.doctype.scheduled_job_type.scheduled_job_type.run_scheduled_jo..., site='gosiru', user='Administrator') (gosiru::scheduled_job::frappe.website.doctype.web_page.web_page.check_publish_status)
2024-11-15 14:45:42,654 home-harshit-frappe-bench:default: Job OK (gosiru::scheduled_job::frappe.website.doctype.web_page.web_page.check_publish_status)
2024-11-15 14:45:42,654 Result is kept for 600 seconds
2024-11-15 14:45:42,664 home-harshit-frappe-bench:default: frappe.utils.background_jobs.execute_job(event=None, is_async=True, job_name='frappe.core.doctype.scheduled_job_type.scheduled_job_type.run_scheduled_jo..., kwargs={'job_type': 'frappe.oauth.delete_oauth2_data'}, method='frappe.core.doctype.scheduled_job_type.scheduled_job_type.run_scheduled_jo..., site='gosiru', user='Administrator') (gosiru::scheduled_job::frappe.oauth.delete_oauth2_data)
2024-11-15 14:45:42,961 home-harshit-frappe-bench:default: Job OK (gosiru::scheduled_job::frappe.oauth.delete_oauth2_data)
2024-11-15 14:45:42,961 Result is kept for 600 seconds
2024-11-15 14:48:41,285 home-harshit-frappe-bench:default: frappe.utils.background_jobs.execute_job(event=None, is_async=True, job_name='frappe.core.doctype.scheduled_job_type.scheduled_job_type.run_scheduled_jo..., kwargs={'job_type': 'frappe.automation.doctype.reminder.reminder.send_reminders'}, method='frappe.core.doctype.scheduled_job_type.scheduled_job_type.run_scheduled_jo..., site='gosiru', user='Administrator') (gosiru::scheduled_job::frappe.automation.doctype.reminder.reminder.send_reminders)
2024-11-15 14:48:41,511 home-harshit-frappe-bench:default: Job OK (gosiru::scheduled_job::frappe.automation.doctype.reminder.reminder.send_reminders)
2024-11-15 14:48:41,512 Result is kept for 600 seconds
2024-11-15 14:48:41,519 Cleaning registries for queue: home-harshit-frappe-bench:short
2024-11-15 14:48:41,520 Cleaning registries for queue: home-harshit-frappe-bench:default
2024-11-15 14:48:41,521 Cleaning registries for queue: home-harshit-frappe-bench:long
2024-11-15 14:48:41,523 home-harshit-frappe-bench:default: frappe.utils.background_jobs.execute_job(event=None, is_async=True, job_name='frappe.core.doctype.scheduled_job_type.scheduled_job_type.run_scheduled_jo..., kwargs={'job_type': 'frappe.monitor.flush'}, method='frappe.core.doctype.scheduled_job_type.scheduled_job_type.run_scheduled_jo..., site='gosiru', user='Administrator') (gosiru::scheduled_job::frappe.monitor.flush)
2024-11-15 14:48:41,733 home-harshit-frappe-bench:default: Job OK (gosiru::scheduled_job::frappe.monitor.flush)
2024-11-15 14:48:41,733 Result is kept for 600 seconds
2024-11-15 14:48:41,741 home-harshit-frappe-bench:default: frappe.utils.background_jobs.execute_job(event=None, is_async=True, job_name='frappe.core.doctype.scheduled_job_type.scheduled_job_type.run_scheduled_jo..., kwargs={'job_type': 'frappe.email.queue.flush'}, method='frappe.core.doctype.scheduled_job_type.scheduled_job_type.run_scheduled_jo..., site='gosiru', user='Administrator') (gosiru::scheduled_job::frappe.email.queue.flush)
2024-11-15 14:48:42,047 home-harshit-frappe-bench:default: Job OK (gosiru::scheduled_job::frappe.email.queue.flush)
2024-11-15 14:48:42,047 Result is kept for 600 seconds
2024-11-15 14:50:41,611 home-harshit-frappe-bench:default: frappe.utils.background_jobs.execute_job(event=None, is_async=True, job_name='frappe.core.doctype.scheduled_job_type.scheduled_job_type.run_scheduled_jo..., kwargs={'job_type': 'frappe.email.doctype.email_account.email_account.pull'}, method='frappe.core.doctype.scheduled_job_type.scheduled_job_type.run_scheduled_jo..., site='gosiru', user='Administrator') (gosiru::scheduled_job::frappe.email.doctype.email_account.email_account.pull)
2024-11-15 14:50:41,865 home-harshit-frappe-bench:default: Job OK (gosiru::scheduled_job::frappe.email.doctype.email_account.email_account.pull)
2024-11-15 14:50:41,865 Result is kept for 600 seconds
2024-11-15 14:52:41,915 home-harshit-frappe-bench:default: frappe.utils.background_jobs.execute_job(event=None, is_async=True, job_name='frappe.core.doctype.scheduled_job_type.scheduled_job_type.run_scheduled_jo..., kwargs={'job_type': 'frappe.automation.doctype.reminder.reminder.send_reminders'}, method='frappe.core.doctype.scheduled_job_type.scheduled_job_type.run_scheduled_jo..., site='gosiru', user='Administrator') (gosiru::scheduled_job::frappe.automation.doctype.reminder.reminder.send_reminders)
2024-11-15 14:52:42,142 home-harshit-frappe-bench:default: Job OK (gosiru::scheduled_job::frappe.automation.doctype.reminder.reminder.send_reminders)
2024-11-15 14:52:42,142 Result is kept for 600 seconds
2024-11-15 14:52:42,151 home-harshit-frappe-bench:default: frappe.utils.background_jobs.execute_job(event=None, is_async=True, job_name='frappe.core.doctype.scheduled_job_type.scheduled_job_type.run_scheduled_jo..., kwargs={'job_type': 'frappe.monitor.flush'}, method='frappe.core.doctype.scheduled_job_type.scheduled_job_type.run_scheduled_jo..., site='gosiru', user='Administrator') (gosiru::scheduled_job::frappe.monitor.flush)
2024-11-15 14:52:42,386 home-harshit-frappe-bench:default: Job OK (gosiru::scheduled_job::frappe.monitor.flush)
2024-11-15 14:52:42,387 Result is kept for 600 seconds
2024-11-15 14:52:42,395 home-harshit-frappe-bench:default: frappe.utils.background_jobs.execute_job(event=None, is_async=True, job_name='frappe.core.doctype.scheduled_job_type.scheduled_job_type.run_scheduled_jo..., kwargs={'job_type': 'frappe.email.queue.flush'}, method='frappe.core.doctype.scheduled_job_type.scheduled_job_type.run_scheduled_jo..., site='gosiru', user='Administrator') (gosiru::scheduled_job::frappe.email.queue.flush)
2024-11-15 14:52:42,694 home-harshit-frappe-bench:default: Job OK (gosiru::scheduled_job::frappe.email.queue.flush)
2024-11-15 14:52:42,694 Result is kept for 600 seconds
2024-11-15 14:56:42,574 home-harshit-frappe-bench:default: frappe.utils.background_jobs.execute_job(event=None, is_async=True, job_name='frappe.core.doctype.scheduled_job_type.scheduled_job_type.run_scheduled_jo..., kwargs={'job_type': 'frappe.automation.doctype.reminder.reminder.send_reminders'}, method='frappe.core.doctype.scheduled_job_type.scheduled_job_type.run_scheduled_jo..., site='gosiru', user='Administrator') (gosiru::scheduled_job::frappe.automation.doctype.reminder.reminder.send_reminders)
2024-11-15 14:56:42,788 home-harshit-frappe-bench:default: Job OK (gosiru::scheduled_job::frappe.automation.doctype.reminder.reminder.send_reminders)
2024-11-15 14:56:42,788 Result is kept for 600 seconds
2024-11-15 14:56:42,796 home-harshit-frappe-bench:default: frappe.utils.background_jobs.execute_job(event=None, is_async=True, job_name='frappe.core.doctype.scheduled_job_type.scheduled_job_type.run_scheduled_jo..., kwargs={'job_type': 'frappe.monitor.flush'}, method='frappe.core.doctype.scheduled_job_type.scheduled_job_type.run_scheduled_jo..., site='gosiru', user='Administrator') (gosiru::scheduled_job::frappe.monitor.flush)
2024-11-15 14:56:43,001 home-harshit-frappe-bench:default: Job OK (gosiru::scheduled_job::frappe.monitor.flush)
2024-11-15 14:56:43,001 Result is kept for 600 seconds
2024-11-15 14:56:43,009 home-harshit-frappe-bench:default: frappe.utils.background_jobs.execute_job(event=None, is_async=True, job_name='frappe.core.doctype.scheduled_job_type.scheduled_job_type.run_scheduled_jo..., kwargs={'job_type': 'frappe.email.queue.flush'}, method='frappe.core.doctype.scheduled_job_type.scheduled_job_type.run_scheduled_jo..., site='gosiru', user='Administrator') (gosiru::scheduled_job::frappe.email.queue.flush)
2024-11-15 14:56:43,310 home-harshit-frappe-bench:default: Job OK (gosiru::scheduled_job::frappe.email.queue.flush)
2024-11-15 14:56:43,310 Result is kept for 600 seconds
2024-11-15 15:00:43,194 home-harshit-frappe-bench:default: frappe.utils.background_jobs.execute_job(event=None, is_async=True, job_name='frappe.core.doctype.scheduled_job_type.scheduled_job_type.run_scheduled_jo..., kwargs={'job_type': 'erpnext.projects.doctype.project.project.collect_project_stat..., method='frappe.core.doctype.scheduled_job_type.scheduled_job_type.run_scheduled_jo..., site='gosiru', user='Administrator') (gosiru::scheduled_job::erpnext.projects.doctype.project.project.collect_project_status)
2024-11-15 15:00:43,525 home-harshit-frappe-bench:default: Job OK (gosiru::scheduled_job::erpnext.projects.doctype.project.project.collect_project_status)
2024-11-15 15:00:43,525 Result is kept for 600 seconds
2024-11-15 15:00:43,535 home-harshit-frappe-bench:default: frappe.utils.background_jobs.execute_job(event=None, is_async=True, job_name='frappe.core.doctype.scheduled_job_type.scheduled_job_type.run_scheduled_jo..., kwargs={'job_type': 'erpnext.projects.doctype.project.project.hourly_reminder'}, method='frappe.core.doctype.scheduled_job_type.scheduled_job_type.run_scheduled_jo..., site='gosiru', user='Administrator') (gosiru::scheduled_job::erpnext.projects.doctype.project.project.hourly_reminder)
2024-11-15 15:00:43,797 home-harshit-frappe-bench:default: Job OK (gosiru::scheduled_job::erpnext.projects.doctype.project.project.hourly_reminder)
2024-11-15 15:00:43,798 Result is kept for 600 seconds
2024-11-15 15:00:43,808 home-harshit-frappe-bench:default: frappe.utils.background_jobs.execute_job(event=None, is_async=True, job_name='frappe.core.doctype.scheduled_job_type.scheduled_job_type.run_scheduled_jo..., kwargs={'job_type': 'erpnext.projects.doctype.project.project.project_status_updat..., method='frappe.core.doctype.scheduled_job_type.scheduled_job_type.run_scheduled_jo..., site='gosiru', user='Administrator') (gosiru::scheduled_job::erpnext.projects.doctype.project.project.project_status_update_reminder)
2024-11-15 15:00:44,077 home-harshit-frappe-bench:default: Job OK (gosiru::scheduled_job::erpnext.projects.doctype.project.project.project_status_update_reminder)
2024-11-15 15:00:44,077 Result is kept for 600 seconds
2024-11-15 15:00:44,085 home-harshit-frappe-bench:default: frappe.utils.background_jobs.execute_job(event=None, is_async=True, job_name='frappe.core.doctype.scheduled_job_type.scheduled_job_type.run_scheduled_jo..., kwargs={'job_type': 'erpnext.erpnext_integrations.doctype.plaid_settings.plaid_set..., method='frappe.core.doctype.scheduled_job_type.scheduled_job_type.run_scheduled_jo..., site='gosiru', user='Administrator') (gosiru::scheduled_job::erpnext.erpnext_integrations.doctype.plaid_settings.plaid_settings.automatic_synchronization)
2024-11-15 15:00:44,375 home-harshit-frappe-bench:default: Job OK (gosiru::scheduled_job::erpnext.erpnext_integrations.doctype.plaid_settings.plaid_settings.automatic_synchronization)
2024-11-15 15:00:44,375 Result is kept for 600 seconds
2024-11-15 15:00:44,383 home-harshit-frappe-bench:default: frappe.utils.background_jobs.execute_job(event=None, is_async=True, job_name='frappe.core.doctype.scheduled_job_type.scheduled_job_type.run_scheduled_jo..., kwargs={'job_type': 'erpnext.utilities.doctype.video.video.update_youtube_data'}, method='frappe.core.doctype.scheduled_job_type.scheduled_job_type.run_scheduled_jo..., site='gosiru', user='Administrator') (gosiru::scheduled_job::erpnext.utilities.doctype.video.video.update_youtube_data)
2024-11-15 15:00:44,732 home-harshit-frappe-bench:default: Job OK (gosiru::scheduled_job::erpnext.utilities.doctype.video.video.update_youtube_data)
2024-11-15 15:00:44,732 Result is kept for 600 seconds
2024-11-15 15:00:44,741 home-harshit-frappe-bench:default: frappe.utils.background_jobs.execute_job(event=None, is_async=True, job_name='frappe.core.doctype.scheduled_job_type.scheduled_job_type.run_scheduled_jo..., kwargs={'job_type': 'erpnext.accounts.doctype.process_payment_reconciliation.proce..., method='frappe.core.doctype.scheduled_job_type.scheduled_job_type.run_scheduled_jo..., site='gosiru', user='Administrator') (gosiru::scheduled_job::erpnext.accounts.doctype.process_payment_reconciliation.process_payment_reconciliation.trigger_reconciliation_for_queued_docs)
2024-11-15 15:00:45,013 home-harshit-frappe-bench:default: Job OK (gosiru::scheduled_job::erpnext.accounts.doctype.process_payment_reconciliation.process_payment_reconciliation.trigger_reconciliation_for_queued_docs)
2024-11-15 15:00:45,014 Result is kept for 600 seconds
2024-11-15 15:00:45,023 home-harshit-frappe-bench:default: frappe.utils.background_jobs.execute_job(event=None, is_async=True, job_name='frappe.core.doctype.scheduled_job_type.scheduled_job_type.run_scheduled_jo..., kwargs={'job_type': 'erpnext.manufacturing.doctype.bom_update_log.bom_update_log.r..., method='frappe.core.doctype.scheduled_job_type.scheduled_job_type.run_scheduled_jo..., site='gosiru', user='Administrator') (gosiru::scheduled_job::erpnext.manufacturing.doctype.bom_update_log.bom_update_log.resume_bom_cost_update_jobs)
2024-11-15 15:00:45,293 home-harshit-frappe-bench:default: Job OK (gosiru::scheduled_job::erpnext.manufacturing.doctype.bom_update_log.bom_update_log.resume_bom_cost_update_jobs)
2024-11-15 15:00:45,293 Result is kept for 600 seconds
2024-11-15 15:00:45,301 home-harshit-frappe-bench:default: frappe.utils.background_jobs.execute_job(event=None, is_async=True, job_name='frappe.core.doctype.scheduled_job_type.scheduled_job_type.run_scheduled_jo..., kwargs={'job_type': 'frappe.website.doctype.personal_data_deletion_request.persona..., method='frappe.core.doctype.scheduled_job_type.scheduled_job_type.run_scheduled_jo..., site='gosiru', user='Administrator') (gosiru::scheduled_job::frappe.website.doctype.personal_data_deletion_request.personal_data_deletion_request.process_data_deletion_request)
2024-11-15 15:00:45,563 home-harshit-frappe-bench:default: Job OK (gosiru::scheduled_job::frappe.website.doctype.personal_data_deletion_request.personal_data_deletion_request.process_data_deletion_request)
2024-11-15 15:00:45,563 Result is kept for 600 seconds
2024-11-15 15:00:45,571 home-harshit-frappe-bench:default: frappe.utils.background_jobs.execute_job(event=None, is_async=True, job_name='frappe.core.doctype.scheduled_job_type.scheduled_job_type.run_scheduled_jo..., kwargs={'job_type': 'frappe.email.doctype.newsletter.newsletter.send_scheduled_ema..., method='frappe.core.doctype.scheduled_job_type.scheduled_job_type.run_scheduled_jo..., site='gosiru', user='Administrator') (gosiru::scheduled_job::frappe.email.doctype.newsletter.newsletter.send_scheduled_email)
2024-11-15 15:00:45,853 home-harshit-frappe-bench:default: Job OK (gosiru::scheduled_job::frappe.email.doctype.newsletter.newsletter.send_scheduled_email)
2024-11-15 15:00:45,853 Result is kept for 600 seconds
2024-11-15 15:00:45,861 home-harshit-frappe-bench:default: frappe.utils.background_jobs.execute_job(event=None, is_async=True, job_name='frappe.core.doctype.scheduled_job_type.scheduled_job_type.run_scheduled_jo..., kwargs={'job_type': 'frappe.integrations.doctype.google_calendar.google_calendar.s..., method='frappe.core.doctype.scheduled_job_type.scheduled_job_type.run_scheduled_jo..., site='gosiru', user='Administrator') (gosiru::scheduled_job::frappe.integrations.doctype.google_calendar.google_calendar.sync)
2024-11-15 15:00:46,352 home-harshit-frappe-bench:default: Job OK (gosiru::scheduled_job::frappe.integrations.doctype.google_calendar.google_calendar.sync)
2024-11-15 15:00:46,352 Result is kept for 600 seconds
2024-11-15 15:00:46,362 home-harshit-frappe-bench:default: frappe.utils.background_jobs.execute_job(event=None, is_async=True, job_name='frappe.core.doctype.scheduled_job_type.scheduled_job_type.run_scheduled_jo..., kwargs={'job_type': 'frappe.desk.form.document_follow.send_hourly_updates'}, method='frappe.core.doctype.scheduled_job_type.scheduled_job_type.run_scheduled_jo..., site='gosiru', user='Administrator') (gosiru::scheduled_job::frappe.desk.form.document_follow.send_hourly_updates)
2024-11-15 15:00:46,625 home-harshit-frappe-bench:default: Job OK (gosiru::scheduled_job::frappe.desk.form.document_follow.send_hourly_updates)
2024-11-15 15:00:46,625 Result is kept for 600 seconds
2024-11-15 15:00:46,633 home-harshit-frappe-bench:default: frappe.utils.background_jobs.execute_job(event=None, is_async=True, job_name='frappe.core.doctype.scheduled_job_type.scheduled_job_type.run_scheduled_jo..., kwargs={'job_type': 'frappe.desk.page.backups.backups.delete_downloadable_backups'..., method='frappe.core.doctype.scheduled_job_type.scheduled_job_type.run_scheduled_jo..., site='gosiru', user='Administrator') (gosiru::scheduled_job::frappe.desk.page.backups.backups.delete_downloadable_backups)
2024-11-15 15:00:46,864 home-harshit-frappe-bench:default: Job OK (gosiru::scheduled_job::frappe.desk.page.backups.backups.delete_downloadable_backups)
2024-11-15 15:00:46,864 Result is kept for 600 seconds
2024-11-15 15:00:46,872 home-harshit-frappe-bench:default: frappe.utils.background_jobs.execute_job(event=None, is_async=True, job_name='frappe.core.doctype.scheduled_job_type.scheduled_job_type.run_scheduled_jo..., kwargs={'job_type': 'frappe.model.utils.user_settings.sync_user_settings'}, method='frappe.core.doctype.scheduled_job_type.scheduled_job_type.run_scheduled_jo..., site='gosiru', user='Administrator') (gosiru::scheduled_job::frappe.model.utils.user_settings.sync_user_settings)
2024-11-15 15:00:47,139 home-harshit-frappe-bench:default: Job OK (gosiru::scheduled_job::frappe.model.utils.user_settings.sync_user_settings)
2024-11-15 15:00:47,140 Result is kept for 600 seconds
2024-11-15 15:00:47,152 home-harshit-frappe-bench:default: frappe.utils.background_jobs.execute_job(event=None, is_async=True, job_name='frappe.core.doctype.scheduled_job_type.scheduled_job_type.run_scheduled_jo..., kwargs={'job_type': 'frappe.model.utils.link_count.update_link_count'}, method='frappe.core.doctype.scheduled_job_type.scheduled_job_type.run_scheduled_jo..., site='gosiru', user='Administrator') (gosiru::scheduled_job::frappe.model.utils.link_count.update_link_count)
2024-11-15 15:00:47,418 home-harshit-frappe-bench:default: Job OK (gosiru::scheduled_job::frappe.model.utils.link_count.update_link_count)
2024-11-15 15:00:47,418 Result is kept for 600 seconds
2024-11-15 15:00:47,426 home-harshit-frappe-bench:default: frappe.utils.background_jobs.execute_job(event=None, is_async=True, job_name='frappe.core.doctype.scheduled_job_type.scheduled_job_type.run_scheduled_jo..., kwargs={'job_type': 'frappe.automation.doctype.reminder.reminder.send_reminders'}, method='frappe.core.doctype.scheduled_job_type.scheduled_job_type.run_scheduled_jo..., site='gosiru', user='Administrator') (gosiru::scheduled_job::frappe.automation.doctype.reminder.reminder.send_reminders)
2024-11-15 15:00:47,657 home-harshit-frappe-bench:default: Job OK (gosiru::scheduled_job::frappe.automation.doctype.reminder.reminder.send_reminders)
2024-11-15 15:00:47,657 Result is kept for 600 seconds
2024-11-15 15:00:47,665 home-harshit-frappe-bench:default: frappe.utils.background_jobs.execute_job(event=None, is_async=True, job_name='frappe.core.doctype.scheduled_job_type.scheduled_job_type.run_scheduled_jo..., kwargs={'job_type': 'frappe.monitor.flush'}, method='frappe.core.doctype.scheduled_job_type.scheduled_job_type.run_scheduled_jo..., site='gosiru', user='Administrator') (gosiru::scheduled_job::frappe.monitor.flush)
2024-11-15 15:00:47,877 home-harshit-frappe-bench:default: Job OK (gosiru::scheduled_job::frappe.monitor.flush)
2024-11-15 15:00:47,877 Result is kept for 600 seconds
2024-11-15 15:00:47,885 home-harshit-frappe-bench:default: frappe.utils.background_jobs.execute_job(event=None, is_async=True, job_name='frappe.core.doctype.scheduled_job_type.scheduled_job_type.run_scheduled_jo..., kwargs={'job_type': 'frappe.email.queue.flush'}, method='frappe.core.doctype.scheduled_job_type.scheduled_job_type.run_scheduled_jo..., site='gosiru', user='Administrator') (gosiru::scheduled_job::frappe.email.queue.flush)
2024-11-15 15:00:48,189 home-harshit-frappe-bench:default: Job OK (gosiru::scheduled_job::frappe.email.queue.flush)
2024-11-15 15:00:48,189 Result is kept for 600 seconds
2024-11-15 15:00:48,198 home-harshit-frappe-bench:default: frappe.utils.background_jobs.execute_job(event=None, is_async=True, job_name='frappe.core.doctype.scheduled_job_type.scheduled_job_type.run_scheduled_jo..., kwargs={'job_type': 'frappe.email.doctype.email_account.email_account.pull'}, method='frappe.core.doctype.scheduled_job_type.scheduled_job_type.run_scheduled_jo..., site='gosiru', user='Administrator') (gosiru::scheduled_job::frappe.email.doctype.email_account.email_account.pull)
2024-11-15 15:00:48,472 home-harshit-frappe-bench:default: Job OK (gosiru::scheduled_job::frappe.email.doctype.email_account.email_account.pull)
2024-11-15 15:00:48,473 Result is kept for 600 seconds
2024-11-15 15:00:48,481 home-harshit-frappe-bench:default: frappe.utils.background_jobs.execute_job(event=None, is_async=True, job_name='frappe.core.doctype.scheduled_job_type.scheduled_job_type.run_scheduled_jo..., kwargs={'job_type': 'frappe.deferred_insert.save_to_db'}, method='frappe.core.doctype.scheduled_job_type.scheduled_job_type.run_scheduled_jo..., site='gosiru', user='Administrator') (gosiru::scheduled_job::frappe.deferred_insert.save_to_db)
2024-11-15 15:00:48,726 home-harshit-frappe-bench:default: Job OK (gosiru::scheduled_job::frappe.deferred_insert.save_to_db)
2024-11-15 15:00:48,726 Result is kept for 600 seconds
2024-11-15 15:00:48,735 home-harshit-frappe-bench:default: frappe.utils.background_jobs.execute_job(event=None, is_async=True, job_name='frappe.core.doctype.scheduled_job_type.scheduled_job_type.run_scheduled_jo..., kwargs={'job_type': 'frappe.utils.global_search.sync_global_search'}, method='frappe.core.doctype.scheduled_job_type.scheduled_job_type.run_scheduled_jo..., site='gosiru', user='Administrator') (gosiru::scheduled_job::frappe.utils.global_search.sync_global_search)
2024-11-15 15:00:48,991 home-harshit-frappe-bench:default: Job OK (gosiru::scheduled_job::frappe.utils.global_search.sync_global_search)
2024-11-15 15:00:48,991 Result is kept for 600 seconds
2024-11-15 15:00:49,001 home-harshit-frappe-bench:default: frappe.utils.background_jobs.execute_job(event=None, is_async=True, job_name='frappe.core.doctype.scheduled_job_type.scheduled_job_type.run_scheduled_jo..., kwargs={'job_type': 'frappe.email.doctype.email_account.email_account.notify_unrep..., method='frappe.core.doctype.scheduled_job_type.scheduled_job_type.run_scheduled_jo..., site='gosiru', user='Administrator') (gosiru::scheduled_job::frappe.email.doctype.email_account.email_account.notify_unreplied)
2024-11-15 15:00:49,261 home-harshit-frappe-bench:default: Job OK (gosiru::scheduled_job::frappe.email.doctype.email_account.email_account.notify_unreplied)
2024-11-15 15:00:49,261 Result is kept for 600 seconds
2024-11-15 15:00:49,269 home-harshit-frappe-bench:default: frappe.utils.background_jobs.execute_job(event=None, is_async=True, job_name='frappe.core.doctype.scheduled_job_type.scheduled_job_type.run_scheduled_jo..., kwargs={'job_type': 'frappe.twofactor.delete_all_barcodes_for_users'}, method='frappe.core.doctype.scheduled_job_type.scheduled_job_type.run_scheduled_jo..., site='gosiru', user='Administrator') (gosiru::scheduled_job::frappe.twofactor.delete_all_barcodes_for_users)
2024-11-15 15:00:49,517 home-harshit-frappe-bench:default: Job OK (gosiru::scheduled_job::frappe.twofactor.delete_all_barcodes_for_users)
2024-11-15 15:00:49,517 Result is kept for 600 seconds
2024-11-15 15:00:49,525 home-harshit-frappe-bench:default: frappe.utils.background_jobs.execute_job(event=None, is_async=True, job_name='frappe.core.doctype.scheduled_job_type.scheduled_job_type.run_scheduled_jo..., kwargs={'job_type': 'frappe.website.doctype.web_page.web_page.check_publish_status..., method='frappe.core.doctype.scheduled_job_type.scheduled_job_type.run_scheduled_jo..., site='gosiru', user='Administrator') (gosiru::scheduled_job::frappe.website.doctype.web_page.web_page.check_publish_status)
2024-11-15 15:00:49,833 home-harshit-frappe-bench:default: Job OK (gosiru::scheduled_job::frappe.website.doctype.web_page.web_page.check_publish_status)
2024-11-15 15:00:49,834 Result is kept for 600 seconds
2024-11-15 15:00:49,842 home-harshit-frappe-bench:default: frappe.utils.background_jobs.execute_job(event=None, is_async=True, job_name='frappe.core.doctype.scheduled_job_type.scheduled_job_type.run_scheduled_jo..., kwargs={'job_type': 'frappe.oauth.delete_oauth2_data'}, method='frappe.core.doctype.scheduled_job_type.scheduled_job_type.run_scheduled_jo..., site='gosiru', user='Administrator') (gosiru::scheduled_job::frappe.oauth.delete_oauth2_data)
2024-11-15 15:00:50,113 home-harshit-frappe-bench:default: Job OK (gosiru::scheduled_job::frappe.oauth.delete_oauth2_data)
2024-11-15 15:00:50,114 Result is kept for 600 seconds
2024-11-15 15:02:43,472 home-harshit-frappe-bench:long: frappe.utils.background_jobs.execute_job(event=None, is_async=True, job_name='frappe.core.doctype.scheduled_job_type.scheduled_job_type.run_scheduled_jo..., kwargs={'job_type': 'erpnext.stock.doctype.repost_item_valuation.repost_item_valua..., method='frappe.core.doctype.scheduled_job_type.scheduled_job_type.run_scheduled_jo..., site='gosiru', user='Administrator') (gosiru::scheduled_job::erpnext.stock.doctype.repost_item_valuation.repost_item_valuation.repost_entries)
2024-11-15 15:02:43,783 home-harshit-frappe-bench:long: Job OK (gosiru::scheduled_job::erpnext.stock.doctype.repost_item_valuation.repost_item_valuation.repost_entries)
2024-11-15 15:02:43,783 Result is kept for 600 seconds
2024-11-15 15:04:43,784 home-harshit-frappe-bench:long: frappe.utils.background_jobs.execute_job(event=None, is_async=True, job_name='frappe.core.doctype.scheduled_job_type.scheduled_job_type.run_scheduled_jo..., kwargs={'job_type': 'erpnext.utilities.bulk_transaction.retry'}, method='frappe.core.doctype.scheduled_job_type.scheduled_job_type.run_scheduled_jo..., site='gosiru', user='Administrator') (gosiru::scheduled_job::erpnext.utilities.bulk_transaction.retry)
2024-11-15 15:04:44,061 home-harshit-frappe-bench:long: Job OK (gosiru::scheduled_job::erpnext.utilities.bulk_transaction.retry)
2024-11-15 15:04:44,061 Result is kept for 600 seconds
2024-11-15 15:04:44,069 home-harshit-frappe-bench:default: frappe.utils.background_jobs.execute_job(event=None, is_async=True, job_name='frappe.core.doctype.scheduled_job_type.scheduled_job_type.run_scheduled_jo..., kwargs={'job_type': 'frappe.automation.doctype.reminder.reminder.send_reminders'}, method='frappe.core.doctype.scheduled_job_type.scheduled_job_type.run_scheduled_jo..., site='gosiru', user='Administrator') (gosiru::scheduled_job::frappe.automation.doctype.reminder.reminder.send_reminders)
2024-11-15 15:04:44,318 home-harshit-frappe-bench:default: Job OK (gosiru::scheduled_job::frappe.automation.doctype.reminder.reminder.send_reminders)
2024-11-15 15:04:44,318 Result is kept for 600 seconds
2024-11-15 15:04:44,327 home-harshit-frappe-bench:default: frappe.utils.background_jobs.execute_job(event=None, is_async=True, job_name='frappe.core.doctype.scheduled_job_type.scheduled_job_type.run_scheduled_jo..., kwargs={'job_type': 'frappe.monitor.flush'}, method='frappe.core.doctype.scheduled_job_type.scheduled_job_type.run_scheduled_jo..., site='gosiru', user='Administrator') (gosiru::scheduled_job::frappe.monitor.flush)
2024-11-15 15:04:44,546 home-harshit-frappe-bench:default: Job OK (gosiru::scheduled_job::frappe.monitor.flush)
2024-11-15 15:04:44,546 Result is kept for 600 seconds
2024-11-15 15:04:44,557 home-harshit-frappe-bench:default: frappe.utils.background_jobs.execute_job(event=None, is_async=True, job_name='frappe.core.doctype.scheduled_job_type.scheduled_job_type.run_scheduled_jo..., kwargs={'job_type': 'frappe.email.queue.flush'}, method='frappe.core.doctype.scheduled_job_type.scheduled_job_type.run_scheduled_jo..., site='gosiru', user='Administrator') (gosiru::scheduled_job::frappe.email.queue.flush)
2024-11-15 15:04:44,860 home-harshit-frappe-bench:default: Job OK (gosiru::scheduled_job::frappe.email.queue.flush)
2024-11-15 15:04:44,860 Result is kept for 600 seconds
2024-11-15 15:07:00,744 home-harshit-frappe-bench:default: frappe.utils.background_jobs.execute_job(event=None, is_async=True, job_name='frappe.core.doctype.user.user.create_contact', kwargs={'user': <User: harshitpadha@gosiru.com>, 'ignore_mandatory': True}, method='frappe.core.doctype.user.user.create_contact', site='gosiru', user='harshitpadha@gosiru.com') (gosiru::f052a9b8-b1c6-4a85-a9fe-67f97c9cee30)
2024-11-15 15:07:01,311 home-harshit-frappe-bench:default: Job OK (gosiru::f052a9b8-b1c6-4a85-a9fe-67f97c9cee30)
2024-11-15 15:07:01,312 Result is kept for 600 seconds
2024-11-15 15:07:01,321 home-harshit-frappe-bench:default: frappe.utils.background_jobs.execute_job(event=None, is_async=True, job_name='frappe.core.doctype.user.user.update_gravatar', kwargs={'name': 'harshitpadha@gosiru.com'}, method='frappe.core.doctype.user.user.update_gravatar', site='gosiru', user='harshitpadha@gosiru.com') (gosiru::13a186a6-515a-45d6-86ef-c1937cabae28)
2024-11-15 15:07:01,542 home-harshit-frappe-bench:default: Job OK (gosiru::13a186a6-515a-45d6-86ef-c1937cabae28)
2024-11-15 15:07:01,542 Result is kept for 600 seconds
2024-11-15 15:08:44,548 home-harshit-frappe-bench:default: frappe.utils.background_jobs.execute_job(event=None, is_async=True, job_name='frappe.core.doctype.scheduled_job_type.scheduled_job_type.run_scheduled_jo..., kwargs={'job_type': 'frappe.automation.doctype.reminder.reminder.send_reminders'}, method='frappe.core.doctype.scheduled_job_type.scheduled_job_type.run_scheduled_jo..., site='gosiru', user='Administrator') (gosiru::scheduled_job::frappe.automation.doctype.reminder.reminder.send_reminders)
2024-11-15 15:08:44,789 home-harshit-frappe-bench:default: Job OK (gosiru::scheduled_job::frappe.automation.doctype.reminder.reminder.send_reminders)
2024-11-15 15:08:44,789 Result is kept for 600 seconds
2024-11-15 15:08:44,798 home-harshit-frappe-bench:default: frappe.utils.background_jobs.execute_job(event=None, is_async=True, job_name='frappe.core.doctype.scheduled_job_type.scheduled_job_type.run_scheduled_jo..., kwargs={'job_type': 'frappe.monitor.flush'}, method='frappe.core.doctype.scheduled_job_type.scheduled_job_type.run_scheduled_jo..., site='gosiru', user='Administrator') (gosiru::scheduled_job::frappe.monitor.flush)
2024-11-15 15:08:45,013 home-harshit-frappe-bench:default: Job OK (gosiru::scheduled_job::frappe.monitor.flush)
2024-11-15 15:08:45,013 Result is kept for 600 seconds
2024-11-15 15:08:45,020 home-harshit-frappe-bench:default: frappe.utils.background_jobs.execute_job(event=None, is_async=True, job_name='frappe.core.doctype.scheduled_job_type.scheduled_job_type.run_scheduled_jo..., kwargs={'job_type': 'frappe.email.queue.flush'}, method='frappe.core.doctype.scheduled_job_type.scheduled_job_type.run_scheduled_jo..., site='gosiru', user='Administrator') (gosiru::scheduled_job::frappe.email.queue.flush)
2024-11-15 15:08:45,341 home-harshit-frappe-bench:default: Job OK (gosiru::scheduled_job::frappe.email.queue.flush)
2024-11-15 15:08:45,342 Result is kept for 600 seconds
2024-11-15 15:09:37,099 home-harshit-frappe-bench:default: frappe.utils.background_jobs.execute_job(event=None, is_async=True, job_name='frappe.core.doctype.user.user.create_contact', kwargs={'user': <User: harshitpadha@gmail.com>, 'ignore_mandatory': True}, method='frappe.core.doctype.user.user.create_contact', site='gosiru', user='harshitpadha@gosiru.com') (gosiru::0c1fe935-0d94-4273-9dd1-436662a9c661)
2024-11-15 15:09:38,028 home-harshit-frappe-bench:default: Job OK (gosiru::0c1fe935-0d94-4273-9dd1-436662a9c661)
2024-11-15 15:09:38,028 Result is kept for 600 seconds
2024-11-15 15:09:38,038 home-harshit-frappe-bench:default: frappe.utils.background_jobs.execute_job(event=None, is_async=True, job_name='frappe.core.doctype.user.user.update_gravatar', kwargs={'name': 'harshitpadha@gmail.com'}, method='frappe.core.doctype.user.user.update_gravatar', site='gosiru', user='harshitpadha@gosiru.com') (gosiru::6c181687-80f0-49fb-944a-1fc5a98df039)
2024-11-15 15:09:38,270 home-harshit-frappe-bench:default: Job OK (gosiru::6c181687-80f0-49fb-944a-1fc5a98df039)
2024-11-15 15:09:38,270 Result is kept for 600 seconds
2024-11-15 15:09:46,917 home-harshit-frappe-bench:default: frappe.utils.background_jobs.execute_job(event=None, is_async=True, job_name='frappe.core.doctype.user.user.create_contact', kwargs={'user': <User: harshitpadha@gmail.com>, 'ignore_mandatory': True}, method='frappe.core.doctype.user.user.create_contact', site='gosiru', user='harshitpadha@gosiru.com') (gosiru::0ba2ebc4-7c5d-4a4a-8bdf-43b4178ae3ee)
2024-11-15 15:09:47,478 home-harshit-frappe-bench:default: Job OK (gosiru::0ba2ebc4-7c5d-4a4a-8bdf-43b4178ae3ee)
2024-11-15 15:09:47,478 Result is kept for 600 seconds
2024-11-15 15:09:47,487 home-harshit-frappe-bench:default: frappe.utils.background_jobs.execute_job(event=None, is_async=True, job_name='frappe.core.doctype.user.user.update_gravatar', kwargs={'name': 'harshitpadha@gmail.com'}, method='frappe.core.doctype.user.user.update_gravatar', site='gosiru', user='harshitpadha@gosiru.com') (gosiru::7ecb71d6-0f51-4928-bd90-f9f90d067853)
2024-11-15 15:09:47,700 home-harshit-frappe-bench:default: Job OK (gosiru::7ecb71d6-0f51-4928-bd90-f9f90d067853)
2024-11-15 15:09:47,701 Result is kept for 600 seconds
2024-11-15 15:09:53,862 home-harshit-frappe-bench:default: frappe.utils.background_jobs.execute_job(event=None, is_async=True, job_name='frappe.core.doctype.user.user.create_contact', kwargs={'user': <User: ceo@gosiru.com>, 'ignore_mandatory': True}, method='frappe.core.doctype.user.user.create_contact', site='gosiru', user='harshitpadha@gosiru.com') (gosiru::06cae343-3fdb-4424-9dde-f1e1f9a4b76a)
2024-11-15 15:09:54,838 home-harshit-frappe-bench:default: Job OK (gosiru::06cae343-3fdb-4424-9dde-f1e1f9a4b76a)
2024-11-15 15:09:54,839 Result is kept for 600 seconds
2024-11-15 15:09:54,849 home-harshit-frappe-bench:default: frappe.utils.background_jobs.execute_job(event=None, is_async=True, job_name='frappe.core.doctype.user.user.update_gravatar', kwargs={'name': 'ceo@gosiru.com'}, method='frappe.core.doctype.user.user.update_gravatar', site='gosiru', user='harshitpadha@gosiru.com') (gosiru::a0c6a43f-92e6-4bc1-bc56-6a67bfafff94)
2024-11-15 15:09:55,085 home-harshit-frappe-bench:default: Job OK (gosiru::a0c6a43f-92e6-4bc1-bc56-6a67bfafff94)
2024-11-15 15:09:55,086 Result is kept for 600 seconds
2024-11-15 15:10:30,080 home-harshit-frappe-bench:default: frappe.utils.background_jobs.execute_job(event=None, is_async=True, job_name='frappe.core.doctype.user.user.create_contact', kwargs={'user': <User: harshit@gosiru.com>, 'ignore_mandatory': True}, method='frappe.core.doctype.user.user.create_contact', site='gosiru', user='harshitpadha@gosiru.com') (gosiru::8bc22819-df57-48ea-9f23-d43bed9076d1)
2024-11-15 15:10:31,011 home-harshit-frappe-bench:default: Job OK (gosiru::8bc22819-df57-48ea-9f23-d43bed9076d1)
2024-11-15 15:10:31,011 Result is kept for 600 seconds
2024-11-15 15:10:31,022 home-harshit-frappe-bench:default: frappe.utils.background_jobs.execute_job(event=None, is_async=True, job_name='frappe.core.doctype.user.user.update_gravatar', kwargs={'name': 'harshit@gosiru.com'}, method='frappe.core.doctype.user.user.update_gravatar', site='gosiru', user='harshitpadha@gosiru.com') (gosiru::53b726e7-5ed2-4c55-b316-267ed0da19ba)
2024-11-15 15:10:31,269 home-harshit-frappe-bench:default: Job OK (gosiru::53b726e7-5ed2-4c55-b316-267ed0da19ba)
2024-11-15 15:10:31,270 Result is kept for 600 seconds
2024-11-15 15:10:36,602 home-harshit-frappe-bench:default: frappe.utils.background_jobs.execute_job(event=None, is_async=True, job_name='frappe.core.doctype.user.user.create_contact', kwargs={'user': <User: harshit@gosiru.com>, 'ignore_mandatory': True}, method='frappe.core.doctype.user.user.create_contact', site='gosiru', user='harshitpadha@gosiru.com') (gosiru::b1caffb1-268b-4daf-aeea-acf1f6d32087)
2024-11-15 15:10:37,164 home-harshit-frappe-bench:default: Job OK (gosiru::b1caffb1-268b-4daf-aeea-acf1f6d32087)
2024-11-15 15:10:37,164 Result is kept for 600 seconds
2024-11-15 15:10:37,174 home-harshit-frappe-bench:default: frappe.utils.background_jobs.execute_job(event=None, is_async=True, job_name='frappe.core.doctype.user.user.update_gravatar', kwargs={'name': 'harshit@gosiru.com'}, method='frappe.core.doctype.user.user.update_gravatar', site='gosiru', user='harshitpadha@gosiru.com') (gosiru::92c87eca-bacf-44c5-bb9c-dd8dcf519512)
2024-11-15 15:10:37,390 home-harshit-frappe-bench:default: Job OK (gosiru::92c87eca-bacf-44c5-bb9c-dd8dcf519512)
2024-11-15 15:10:37,390 Result is kept for 600 seconds
2024-11-15 15:10:44,899 home-harshit-frappe-bench:default: frappe.utils.background_jobs.execute_job(event=None, is_async=True, job_name='frappe.core.doctype.scheduled_job_type.scheduled_job_type.run_scheduled_jo..., kwargs={'job_type': 'frappe.email.doctype.email_account.email_account.pull'}, method='frappe.core.doctype.scheduled_job_type.scheduled_job_type.run_scheduled_jo..., site='gosiru', user='Administrator') (gosiru::scheduled_job::frappe.email.doctype.email_account.email_account.pull)
2024-11-15 15:10:45,300 home-harshit-frappe-bench:default: Job OK (gosiru::scheduled_job::frappe.email.doctype.email_account.email_account.pull)
2024-11-15 15:10:45,301 Result is kept for 600 seconds
2024-11-15 15:10:45,308 Cleaning registries for queue: home-harshit-frappe-bench:short
2024-11-15 15:10:45,309 Cleaning registries for queue: home-harshit-frappe-bench:default
2024-11-15 15:10:45,310 Cleaning registries for queue: home-harshit-frappe-bench:long
2024-11-15 15:12:45,239 home-harshit-frappe-bench:default: frappe.utils.background_jobs.execute_job(event=None, is_async=True, job_name='frappe.core.doctype.scheduled_job_type.scheduled_job_type.run_scheduled_jo..., kwargs={'job_type': 'frappe.automation.doctype.reminder.reminder.send_reminders'}, method='frappe.core.doctype.scheduled_job_type.scheduled_job_type.run_scheduled_jo..., site='gosiru', user='Administrator') (gosiru::scheduled_job::frappe.automation.doctype.reminder.reminder.send_reminders)
2024-11-15 15:12:45,485 home-harshit-frappe-bench:default: Job OK (gosiru::scheduled_job::frappe.automation.doctype.reminder.reminder.send_reminders)
2024-11-15 15:12:45,485 Result is kept for 600 seconds
2024-11-15 15:12:45,493 home-harshit-frappe-bench:default: frappe.utils.background_jobs.execute_job(event=None, is_async=True, job_name='frappe.core.doctype.scheduled_job_type.scheduled_job_type.run_scheduled_jo..., kwargs={'job_type': 'frappe.monitor.flush'}, method='frappe.core.doctype.scheduled_job_type.scheduled_job_type.run_scheduled_jo..., site='gosiru', user='Administrator') (gosiru::scheduled_job::frappe.monitor.flush)
2024-11-15 15:12:45,705 home-harshit-frappe-bench:default: Job OK (gosiru::scheduled_job::frappe.monitor.flush)
2024-11-15 15:12:45,705 Result is kept for 600 seconds
2024-11-15 15:12:45,713 home-harshit-frappe-bench:default: frappe.utils.background_jobs.execute_job(event=None, is_async=True, job_name='frappe.core.doctype.scheduled_job_type.scheduled_job_type.run_scheduled_jo..., kwargs={'job_type': 'frappe.email.queue.flush'}, method='frappe.core.doctype.scheduled_job_type.scheduled_job_type.run_scheduled_jo..., site='gosiru', user='Administrator') (gosiru::scheduled_job::frappe.email.queue.flush)
2024-11-15 15:12:46,034 home-harshit-frappe-bench:default: Job OK (gosiru::scheduled_job::frappe.email.queue.flush)
2024-11-15 15:12:46,035 Result is kept for 600 seconds
2024-11-15 15:15:45,864 home-harshit-frappe-bench:default: frappe.utils.background_jobs.execute_job(event=None, is_async=True, job_name='frappe.core.doctype.scheduled_job_type.scheduled_job_type.run_scheduled_jo..., kwargs={'job_type': 'erpnext.accounts.doctype.process_payment_reconciliation.proce..., method='frappe.core.doctype.scheduled_job_type.scheduled_job_type.run_scheduled_jo..., site='gosiru', user='Administrator') (gosiru::scheduled_job::erpnext.accounts.doctype.process_payment_reconciliation.process_payment_reconciliation.trigger_reconciliation_for_queued_docs)
2024-11-15 15:15:46,493 home-harshit-frappe-bench:default: Job OK (gosiru::scheduled_job::erpnext.accounts.doctype.process_payment_reconciliation.process_payment_reconciliation.trigger_reconciliation_for_queued_docs)
2024-11-15 15:15:46,494 Result is kept for 600 seconds
2024-11-15 15:15:46,503 home-harshit-frappe-bench:default: frappe.utils.background_jobs.execute_job(event=None, is_async=True, job_name='frappe.core.doctype.scheduled_job_type.scheduled_job_type.run_scheduled_jo..., kwargs={'job_type': 'erpnext.manufacturing.doctype.bom_update_log.bom_update_log.r..., method='frappe.core.doctype.scheduled_job_type.scheduled_job_type.run_scheduled_jo..., site='gosiru', user='Administrator') (gosiru::scheduled_job::erpnext.manufacturing.doctype.bom_update_log.bom_update_log.resume_bom_cost_update_jobs)
2024-11-15 15:15:46,787 home-harshit-frappe-bench:default: Job OK (gosiru::scheduled_job::erpnext.manufacturing.doctype.bom_update_log.bom_update_log.resume_bom_cost_update_jobs)
2024-11-15 15:15:46,787 Result is kept for 600 seconds
2024-11-15 15:15:46,795 home-harshit-frappe-bench:default: frappe.utils.background_jobs.execute_job(event=None, is_async=True, job_name='frappe.core.doctype.scheduled_job_type.scheduled_job_type.run_scheduled_jo..., kwargs={'job_type': 'frappe.deferred_insert.save_to_db'}, method='frappe.core.doctype.scheduled_job_type.scheduled_job_type.run_scheduled_jo..., site='gosiru', user='Administrator') (gosiru::scheduled_job::frappe.deferred_insert.save_to_db)
2024-11-15 15:15:47,175 home-harshit-frappe-bench:default: Job OK (gosiru::scheduled_job::frappe.deferred_insert.save_to_db)
2024-11-15 15:15:47,175 Result is kept for 600 seconds
2024-11-15 15:15:47,184 home-harshit-frappe-bench:default: frappe.utils.background_jobs.execute_job(event=None, is_async=True, job_name='frappe.core.doctype.scheduled_job_type.scheduled_job_type.run_scheduled_jo..., kwargs={'job_type': 'frappe.utils.global_search.sync_global_search'}, method='frappe.core.doctype.scheduled_job_type.scheduled_job_type.run_scheduled_jo..., site='gosiru', user='Administrator') (gosiru::scheduled_job::frappe.utils.global_search.sync_global_search)
2024-11-15 15:15:47,441 home-harshit-frappe-bench:default: Job OK (gosiru::scheduled_job::frappe.utils.global_search.sync_global_search)
2024-11-15 15:15:47,442 Result is kept for 600 seconds
2024-11-15 15:15:47,451 home-harshit-frappe-bench:default: frappe.utils.background_jobs.execute_job(event=None, is_async=True, job_name='frappe.core.doctype.scheduled_job_type.scheduled_job_type.run_scheduled_jo..., kwargs={'job_type': 'frappe.email.doctype.email_account.email_account.notify_unrep..., method='frappe.core.doctype.scheduled_job_type.scheduled_job_type.run_scheduled_jo..., site='gosiru', user='Administrator') (gosiru::scheduled_job::frappe.email.doctype.email_account.email_account.notify_unreplied)
2024-11-15 15:15:47,725 home-harshit-frappe-bench:default: Job OK (gosiru::scheduled_job::frappe.email.doctype.email_account.email_account.notify_unreplied)
2024-11-15 15:15:47,725 Result is kept for 600 seconds
2024-11-15 15:15:47,732 home-harshit-frappe-bench:default: frappe.utils.background_jobs.execute_job(event=None, is_async=True, job_name='frappe.core.doctype.scheduled_job_type.scheduled_job_type.run_scheduled_jo..., kwargs={'job_type': 'frappe.twofactor.delete_all_barcodes_for_users'}, method='frappe.core.doctype.scheduled_job_type.scheduled_job_type.run_scheduled_jo..., site='gosiru', user='Administrator') (gosiru::scheduled_job::frappe.twofactor.delete_all_barcodes_for_users)
2024-11-15 15:15:47,988 home-harshit-frappe-bench:default: Job OK (gosiru::scheduled_job::frappe.twofactor.delete_all_barcodes_for_users)
2024-11-15 15:15:47,988 Result is kept for 600 seconds
2024-11-15 15:15:47,998 home-harshit-frappe-bench:default: frappe.utils.background_jobs.execute_job(event=None, is_async=True, job_name='frappe.core.doctype.scheduled_job_type.scheduled_job_type.run_scheduled_jo..., kwargs={'job_type': 'frappe.website.doctype.web_page.web_page.check_publish_status..., method='frappe.core.doctype.scheduled_job_type.scheduled_job_type.run_scheduled_jo..., site='gosiru', user='Administrator') (gosiru::scheduled_job::frappe.website.doctype.web_page.web_page.check_publish_status)
2024-11-15 15:15:48,378 home-harshit-frappe-bench:default: Job OK (gosiru::scheduled_job::frappe.website.doctype.web_page.web_page.check_publish_status)
2024-11-15 15:15:48,378 Result is kept for 600 seconds
2024-11-15 15:15:48,386 home-harshit-frappe-bench:default: frappe.utils.background_jobs.execute_job(event=None, is_async=True, job_name='frappe.core.doctype.scheduled_job_type.scheduled_job_type.run_scheduled_jo..., kwargs={'job_type': 'frappe.oauth.delete_oauth2_data'}, method='frappe.core.doctype.scheduled_job_type.scheduled_job_type.run_scheduled_jo..., site='gosiru', user='Administrator') (gosiru::scheduled_job::frappe.oauth.delete_oauth2_data)
2024-11-15 15:15:49,161 home-harshit-frappe-bench:default: Job OK (gosiru::scheduled_job::frappe.oauth.delete_oauth2_data)
2024-11-15 15:15:49,161 Result is kept for 600 seconds
2024-11-15 15:16:46,147 home-harshit-frappe-bench:default: frappe.utils.background_jobs.execute_job(event=None, is_async=True, job_name='frappe.core.doctype.scheduled_job_type.scheduled_job_type.run_scheduled_jo..., kwargs={'job_type': 'frappe.automation.doctype.reminder.reminder.send_reminders'}, method='frappe.core.doctype.scheduled_job_type.scheduled_job_type.run_scheduled_jo..., site='gosiru', user='Administrator') (gosiru::scheduled_job::frappe.automation.doctype.reminder.reminder.send_reminders)
2024-11-15 15:16:46,501 home-harshit-frappe-bench:default: Job OK (gosiru::scheduled_job::frappe.automation.doctype.reminder.reminder.send_reminders)
2024-11-15 15:16:46,501 Result is kept for 600 seconds
2024-11-15 15:16:46,509 home-harshit-frappe-bench:default: frappe.utils.background_jobs.execute_job(event=None, is_async=True, job_name='frappe.core.doctype.scheduled_job_type.scheduled_job_type.run_scheduled_jo..., kwargs={'job_type': 'frappe.monitor.flush'}, method='frappe.core.doctype.scheduled_job_type.scheduled_job_type.run_scheduled_jo..., site='gosiru', user='Administrator') (gosiru::scheduled_job::frappe.monitor.flush)
2024-11-15 15:16:46,737 home-harshit-frappe-bench:default: Job OK (gosiru::scheduled_job::frappe.monitor.flush)
2024-11-15 15:16:46,737 Result is kept for 600 seconds
2024-11-15 15:16:46,746 home-harshit-frappe-bench:default: frappe.utils.background_jobs.execute_job(event=None, is_async=True, job_name='frappe.core.doctype.scheduled_job_type.scheduled_job_type.run_scheduled_jo..., kwargs={'job_type': 'frappe.email.queue.flush'}, method='frappe.core.doctype.scheduled_job_type.scheduled_job_type.run_scheduled_jo..., site='gosiru', user='Administrator') (gosiru::scheduled_job::frappe.email.queue.flush)
2024-11-15 15:16:47,290 home-harshit-frappe-bench:default: Job OK (gosiru::scheduled_job::frappe.email.queue.flush)
2024-11-15 15:16:47,290 Result is kept for 600 seconds
2024-11-15 15:19:48,657 home-harshit-frappe-bench:default: frappe.utils.background_jobs.execute_job(event=None, is_async=True, job_name='frappe.core.doctype.user.user.create_contact', kwargs={'user': <User: harshit@gosiru.com>, 'ignore_mandatory': True}, method='frappe.core.doctype.user.user.create_contact', site='gosiru', user='harshitpadha@gosiru.com') (gosiru::b7499e01-c504-45b0-acf9-9c0eba1bea4a)
2024-11-15 15:19:49,240 home-harshit-frappe-bench:default: Job OK (gosiru::b7499e01-c504-45b0-acf9-9c0eba1bea4a)
2024-11-15 15:19:49,241 Result is kept for 600 seconds
2024-11-15 15:19:49,251 home-harshit-frappe-bench:default: frappe.utils.background_jobs.execute_job(event=None, is_async=True, job_name='frappe.core.doctype.user.user.update_gravatar', kwargs={'name': 'harshit@gosiru.com'}, method='frappe.core.doctype.user.user.update_gravatar', site='gosiru', user='harshitpadha@gosiru.com') (gosiru::97e3cd49-5150-473f-9ab8-4d66ed1f1891)
2024-11-15 15:19:49,473 home-harshit-frappe-bench:default: Job OK (gosiru::97e3cd49-5150-473f-9ab8-4d66ed1f1891)
2024-11-15 15:19:49,474 Result is kept for 600 seconds
2024-11-15 15:19:52,165 home-harshit-frappe-bench:default: frappe.utils.background_jobs.execute_job(event=None, is_async=True, job_name='frappe.core.doctype.user.user.create_contact', kwargs={'user': <User: harshit@gosiru.com>, 'ignore_mandatory': True}, method='frappe.core.doctype.user.user.create_contact', site='gosiru', user='harshitpadha@gosiru.com') (gosiru::2f6125ca-1247-429c-8383-04c020067916)
2024-11-15 15:19:52,764 home-harshit-frappe-bench:default: Job OK (gosiru::2f6125ca-1247-429c-8383-04c020067916)
2024-11-15 15:19:52,765 Result is kept for 600 seconds
2024-11-15 15:19:52,777 home-harshit-frappe-bench:default: frappe.utils.background_jobs.execute_job(event=None, is_async=True, job_name='frappe.core.doctype.user.user.update_gravatar', kwargs={'name': 'harshit@gosiru.com'}, method='frappe.core.doctype.user.user.update_gravatar', site='gosiru', user='harshitpadha@gosiru.com') (gosiru::4e0c3078-bb23-4746-b046-21c89fce64a6)
2024-11-15 15:19:52,993 home-harshit-frappe-bench:default: Job OK (gosiru::4e0c3078-bb23-4746-b046-21c89fce64a6)
2024-11-15 15:19:52,994 Result is kept for 600 seconds
2024-11-15 15:19:54,123 home-harshit-frappe-bench:default: frappe.utils.background_jobs.execute_job(event=None, is_async=True, job_name='frappe.core.doctype.user.user.create_contact', kwargs={'user': <User: harshit@gosiru.com>, 'ignore_mandatory': True}, method='frappe.core.doctype.user.user.create_contact', site='gosiru', user='harshitpadha@gosiru.com') (gosiru::b3f39cea-0722-4478-95cf-365f853bdf8b)
2024-11-15 15:19:54,810 home-harshit-frappe-bench:default: Job OK (gosiru::b3f39cea-0722-4478-95cf-365f853bdf8b)
2024-11-15 15:19:54,810 Result is kept for 600 seconds
2024-11-15 15:19:54,820 home-harshit-frappe-bench:default: frappe.utils.background_jobs.execute_job(event=None, is_async=True, job_name='frappe.core.doctype.user.user.update_gravatar', kwargs={'name': 'harshit@gosiru.com'}, method='frappe.core.doctype.user.user.update_gravatar', site='gosiru', user='harshitpadha@gosiru.com') (gosiru::23bd3788-7b01-4abc-b4d3-489ebf7bb529)
2024-11-15 15:19:55,247 home-harshit-frappe-bench:default: Job OK (gosiru::23bd3788-7b01-4abc-b4d3-489ebf7bb529)
2024-11-15 15:19:55,247 Result is kept for 600 seconds
2024-11-15 15:19:55,255 home-harshit-frappe-bench:default: frappe.utils.background_jobs.execute_job(event=None, is_async=True, job_name='frappe.core.doctype.user.user.create_contact', kwargs={'user': <User: harshit@gosiru.com>, 'ignore_mandatory': True}, method='frappe.core.doctype.user.user.create_contact', site='gosiru', user='harshitpadha@gosiru.com') (gosiru::807ed2a9-0f10-46ad-8ab8-d4ff5cbe14df)
2024-11-15 15:19:55,897 home-harshit-frappe-bench:default: Job OK (gosiru::807ed2a9-0f10-46ad-8ab8-d4ff5cbe14df)
2024-11-15 15:19:55,898 Result is kept for 600 seconds
2024-11-15 15:19:55,908 home-harshit-frappe-bench:default: frappe.utils.background_jobs.execute_job(event=None, is_async=True, job_name='frappe.core.doctype.user.user.update_gravatar', kwargs={'name': 'harshit@gosiru.com'}, method='frappe.core.doctype.user.user.update_gravatar', site='gosiru', user='harshitpadha@gosiru.com') (gosiru::132d6999-92e8-4f2d-9099-e6786e39bd6f)
2024-11-15 15:19:56,152 home-harshit-frappe-bench:default: Job OK (gosiru::132d6999-92e8-4f2d-9099-e6786e39bd6f)
2024-11-15 15:19:56,152 Result is kept for 600 seconds
2024-11-15 15:19:56,169 home-harshit-frappe-bench:default: frappe.utils.background_jobs.execute_job(event=None, is_async=True, job_name='frappe.core.doctype.user.user.create_contact', kwargs={'user': <User: harshit@gosiru.com>, 'ignore_mandatory': True}, method='frappe.core.doctype.user.user.create_contact', site='gosiru', user='harshitpadha@gosiru.com') (gosiru::d760ff3c-6042-414f-99bd-2aacad978051)
2024-11-15 15:19:56,907 home-harshit-frappe-bench:default: Job OK (gosiru::d760ff3c-6042-414f-99bd-2aacad978051)
2024-11-15 15:19:56,907 Result is kept for 600 seconds
2024-11-15 15:19:56,919 home-harshit-frappe-bench:default: frappe.utils.background_jobs.execute_job(event=None, is_async=True, job_name='frappe.core.doctype.user.user.update_gravatar', kwargs={'name': 'harshit@gosiru.com'}, method='frappe.core.doctype.user.user.update_gravatar', site='gosiru', user='harshitpadha@gosiru.com') (gosiru::ffd224aa-8572-4433-abe2-fd6066ed2f44)
2024-11-15 15:19:57,132 home-harshit-frappe-bench:default: Job OK (gosiru::ffd224aa-8572-4433-abe2-fd6066ed2f44)
2024-11-15 15:19:57,132 Result is kept for 600 seconds
2024-11-15 15:19:57,168 home-harshit-frappe-bench:default: frappe.utils.background_jobs.execute_job(event=None, is_async=True, job_name='frappe.core.doctype.user.user.create_contact', kwargs={'user': <User: harshit@gosiru.com>, 'ignore_mandatory': True}, method='frappe.core.doctype.user.user.create_contact', site='gosiru', user='harshitpadha@gosiru.com') (gosiru::b261f5df-31ac-4b4a-b8d9-788bb54ccfea)
2024-11-15 15:19:57,887 home-harshit-frappe-bench:default: Job OK (gosiru::b261f5df-31ac-4b4a-b8d9-788bb54ccfea)
2024-11-15 15:19:57,887 Result is kept for 600 seconds
2024-11-15 15:19:57,898 home-harshit-frappe-bench:default: frappe.utils.background_jobs.execute_job(event=None, is_async=True, job_name='frappe.core.doctype.user.user.update_gravatar', kwargs={'name': 'harshit@gosiru.com'}, method='frappe.core.doctype.user.user.update_gravatar', site='gosiru', user='harshitpadha@gosiru.com') (gosiru::b2a01973-1211-42f9-8992-bcd0fc1d1e31)
2024-11-15 15:19:58,160 home-harshit-frappe-bench:default: Job OK (gosiru::b2a01973-1211-42f9-8992-bcd0fc1d1e31)
2024-11-15 15:19:58,160 Result is kept for 600 seconds
2024-11-15 15:19:58,255 home-harshit-frappe-bench:default: frappe.utils.background_jobs.execute_job(event=None, is_async=True, job_name='frappe.core.doctype.user.user.create_contact', kwargs={'user': <User: harshit@gosiru.com>, 'ignore_mandatory': True}, method='frappe.core.doctype.user.user.create_contact', site='gosiru', user='harshitpadha@gosiru.com') (gosiru::bbe79262-5ca4-43be-8d2d-bad95732172e)
2024-11-15 15:19:59,044 home-harshit-frappe-bench:default: Job OK (gosiru::bbe79262-5ca4-43be-8d2d-bad95732172e)
2024-11-15 15:19:59,044 Result is kept for 600 seconds
2024-11-15 15:19:59,063 home-harshit-frappe-bench:default: frappe.utils.background_jobs.execute_job(event=None, is_async=True, job_name='frappe.core.doctype.user.user.update_gravatar', kwargs={'name': 'harshit@gosiru.com'}, method='frappe.core.doctype.user.user.update_gravatar', site='gosiru', user='harshitpadha@gosiru.com') (gosiru::343dd5ba-f9a8-4bba-bbc7-c81f7dfae34c)
2024-11-15 15:19:59,460 home-harshit-frappe-bench:default: Job OK (gosiru::343dd5ba-f9a8-4bba-bbc7-c81f7dfae34c)
2024-11-15 15:19:59,460 Result is kept for 600 seconds
2024-11-15 15:19:59,469 home-harshit-frappe-bench:default: frappe.utils.background_jobs.execute_job(event=None, is_async=True, job_name='frappe.core.doctype.user.user.create_contact', kwargs={'user': <User: harshit@gosiru.com>, 'ignore_mandatory': True}, method='frappe.core.doctype.user.user.create_contact', site='gosiru', user='harshitpadha@gosiru.com') (gosiru::9131f5d7-e251-4602-a9b6-5a6e92211c94)
2024-11-15 15:20:00,152 home-harshit-frappe-bench:default: Job OK (gosiru::9131f5d7-e251-4602-a9b6-5a6e92211c94)
2024-11-15 15:20:00,152 Result is kept for 600 seconds
2024-11-15 15:20:00,164 home-harshit-frappe-bench:default: frappe.utils.background_jobs.execute_job(event=None, is_async=True, job_name='frappe.core.doctype.user.user.update_gravatar', kwargs={'name': 'harshit@gosiru.com'}, method='frappe.core.doctype.user.user.update_gravatar', site='gosiru', user='harshitpadha@gosiru.com') (gosiru::faa5034c-e733-4adf-a01f-8915b034f6f4)
2024-11-15 15:20:00,425 home-harshit-frappe-bench:default: Job OK (gosiru::faa5034c-e733-4adf-a01f-8915b034f6f4)
2024-11-15 15:20:00,425 Result is kept for 600 seconds
2024-11-15 15:20:00,448 home-harshit-frappe-bench:default: frappe.utils.background_jobs.execute_job(event=None, is_async=True, job_name='frappe.core.doctype.user.user.create_contact', kwargs={'user': <User: harshit@gosiru.com>, 'ignore_mandatory': True}, method='frappe.core.doctype.user.user.create_contact', site='gosiru', user='harshitpadha@gosiru.com') (gosiru::efe8ac4d-babc-4694-8237-161881e947a7)
2024-11-15 15:20:01,145 home-harshit-frappe-bench:default: Job OK (gosiru::efe8ac4d-babc-4694-8237-161881e947a7)
2024-11-15 15:20:01,145 Result is kept for 600 seconds
2024-11-15 15:20:01,156 home-harshit-frappe-bench:default: frappe.utils.background_jobs.execute_job(event=None, is_async=True, job_name='frappe.core.doctype.user.user.update_gravatar', kwargs={'name': 'harshit@gosiru.com'}, method='frappe.core.doctype.user.user.update_gravatar', site='gosiru', user='harshitpadha@gosiru.com') (gosiru::7b306b97-dcb9-49a2-99a3-e8fb1499db71)
2024-11-15 15:20:01,397 home-harshit-frappe-bench:default: Job OK (gosiru::7b306b97-dcb9-49a2-99a3-e8fb1499db71)
2024-11-15 15:20:01,398 Result is kept for 600 seconds
2024-11-15 15:20:01,562 home-harshit-frappe-bench:default: frappe.utils.background_jobs.execute_job(event=None, is_async=True, job_name='frappe.core.doctype.user.user.create_contact', kwargs={'user': <User: harshit@gosiru.com>, 'ignore_mandatory': True}, method='frappe.core.doctype.user.user.create_contact', site='gosiru', user='harshitpadha@gosiru.com') (gosiru::06d6d0b8-7e38-4571-979a-3bf1e7796678)
2024-11-15 15:20:02,358 home-harshit-frappe-bench:default: Job OK (gosiru::06d6d0b8-7e38-4571-979a-3bf1e7796678)
2024-11-15 15:20:02,358 Result is kept for 600 seconds
2024-11-15 15:20:02,368 home-harshit-frappe-bench:default: frappe.utils.background_jobs.execute_job(event=None, is_async=True, job_name='frappe.core.doctype.user.user.update_gravatar', kwargs={'name': 'harshit@gosiru.com'}, method='frappe.core.doctype.user.user.update_gravatar', site='gosiru', user='harshitpadha@gosiru.com') (gosiru::c5997395-3a32-4f55-8871-efb1943b7b71)
2024-11-15 15:20:02,635 home-harshit-frappe-bench:default: Job OK (gosiru::c5997395-3a32-4f55-8871-efb1943b7b71)
2024-11-15 15:20:02,635 Result is kept for 600 seconds
2024-11-15 15:20:02,693 home-harshit-frappe-bench:default: frappe.utils.background_jobs.execute_job(event=None, is_async=True, job_name='frappe.core.doctype.user.user.create_contact', kwargs={'user': <User: harshit@gosiru.com>, 'ignore_mandatory': True}, method='frappe.core.doctype.user.user.create_contact', site='gosiru', user='harshitpadha@gosiru.com') (gosiru::0d2bbd38-fbeb-488d-80e8-aa5ed19b8928)
2024-11-15 15:20:03,445 home-harshit-frappe-bench:default: Job OK (gosiru::0d2bbd38-fbeb-488d-80e8-aa5ed19b8928)
2024-11-15 15:20:03,445 Result is kept for 600 seconds
2024-11-15 15:20:03,455 home-harshit-frappe-bench:default: frappe.utils.background_jobs.execute_job(event=None, is_async=True, job_name='frappe.core.doctype.user.user.update_gravatar', kwargs={'name': 'harshit@gosiru.com'}, method='frappe.core.doctype.user.user.update_gravatar', site='gosiru', user='harshitpadha@gosiru.com') (gosiru::e02c161b-3b02-4ba0-ab84-43468d3a1226)
2024-11-15 15:20:03,688 home-harshit-frappe-bench:default: Job OK (gosiru::e02c161b-3b02-4ba0-ab84-43468d3a1226)
2024-11-15 15:20:03,688 Result is kept for 600 seconds
2024-11-15 15:20:03,752 home-harshit-frappe-bench:default: frappe.utils.background_jobs.execute_job(event=None, is_async=True, job_name='frappe.core.doctype.user.user.create_contact', kwargs={'user': <User: harshit@gosiru.com>, 'ignore_mandatory': True}, method='frappe.core.doctype.user.user.create_contact', site='gosiru', user='harshitpadha@gosiru.com') (gosiru::71e0e840-f305-446d-937e-5df8191809a8)
2024-11-15 15:20:04,344 home-harshit-frappe-bench:default: Job OK (gosiru::71e0e840-f305-446d-937e-5df8191809a8)
2024-11-15 15:20:04,344 Result is kept for 600 seconds
2024-11-15 15:20:04,358 home-harshit-frappe-bench:default: frappe.utils.background_jobs.execute_job(event=None, is_async=True, job_name='frappe.core.doctype.user.user.update_gravatar', kwargs={'name': 'harshit@gosiru.com'}, method='frappe.core.doctype.user.user.update_gravatar', site='gosiru', user='harshitpadha@gosiru.com') (gosiru::a4ab2278-f4a6-45f9-a59e-6a4807fb58a1)
2024-11-15 15:20:04,611 home-harshit-frappe-bench:default: Job OK (gosiru::a4ab2278-f4a6-45f9-a59e-6a4807fb58a1)
2024-11-15 15:20:04,611 Result is kept for 600 seconds
2024-11-15 15:20:05,457 home-harshit-frappe-bench:default: frappe.utils.background_jobs.execute_job(event=None, is_async=True, job_name='frappe.core.doctype.user.user.create_contact', kwargs={'user': <User: harshit@gosiru.com>, 'ignore_mandatory': True}, method='frappe.core.doctype.user.user.create_contact', site='gosiru', user='harshitpadha@gosiru.com') (gosiru::6e67fa79-410a-4674-97a8-83958847cd0c)
2024-11-15 15:20:06,059 home-harshit-frappe-bench:default: Job OK (gosiru::6e67fa79-410a-4674-97a8-83958847cd0c)
2024-11-15 15:20:06,059 Result is kept for 600 seconds
2024-11-15 15:20:06,072 home-harshit-frappe-bench:default: frappe.utils.background_jobs.execute_job(event=None, is_async=True, job_name='frappe.core.doctype.user.user.update_gravatar', kwargs={'name': 'harshit@gosiru.com'}, method='frappe.core.doctype.user.user.update_gravatar', site='gosiru', user='harshitpadha@gosiru.com') (gosiru::ebffe59a-1d50-4fcc-8875-1a7b52667fc0)
2024-11-15 15:20:06,306 home-harshit-frappe-bench:default: Job OK (gosiru::ebffe59a-1d50-4fcc-8875-1a7b52667fc0)
2024-11-15 15:20:06,306 Result is kept for 600 seconds
2024-11-15 15:20:07,640 home-harshit-frappe-bench:default: frappe.utils.background_jobs.execute_job(event=None, is_async=True, job_name='frappe.core.doctype.user.user.create_contact', kwargs={'user': <User: harshit@gosiru.com>, 'ignore_mandatory': True}, method='frappe.core.doctype.user.user.create_contact', site='gosiru', user='harshitpadha@gosiru.com') (gosiru::a34405e5-53d6-42fa-90c5-5539d33a87df)
2024-11-15 15:20:08,181 home-harshit-frappe-bench:default: Job OK (gosiru::a34405e5-53d6-42fa-90c5-5539d33a87df)
2024-11-15 15:20:08,181 Result is kept for 600 seconds
2024-11-15 15:20:08,192 home-harshit-frappe-bench:default: frappe.utils.background_jobs.execute_job(event=None, is_async=True, job_name='frappe.core.doctype.user.user.update_gravatar', kwargs={'name': 'harshit@gosiru.com'}, method='frappe.core.doctype.user.user.update_gravatar', site='gosiru', user='harshitpadha@gosiru.com') (gosiru::b1a33315-3a62-4347-ac8a-a7dbf79c1946)
2024-11-15 15:20:08,424 home-harshit-frappe-bench:default: Job OK (gosiru::b1a33315-3a62-4347-ac8a-a7dbf79c1946)
2024-11-15 15:20:08,424 Result is kept for 600 seconds
2024-11-15 15:20:10,028 home-harshit-frappe-bench:default: frappe.utils.background_jobs.execute_job(event=None, is_async=True, job_name='frappe.core.doctype.user.user.create_contact', kwargs={'user': <User: harshit@gosiru.com>, 'ignore_mandatory': True}, method='frappe.core.doctype.user.user.create_contact', site='gosiru', user='harshitpadha@gosiru.com') (gosiru::bf2a3e38-dcb3-4a9b-aaa9-51713cd234ea)
2024-11-15 15:20:10,606 home-harshit-frappe-bench:default: Job OK (gosiru::bf2a3e38-dcb3-4a9b-aaa9-51713cd234ea)
2024-11-15 15:20:10,606 Result is kept for 600 seconds
2024-11-15 15:20:10,616 home-harshit-frappe-bench:default: frappe.utils.background_jobs.execute_job(event=None, is_async=True, job_name='frappe.core.doctype.user.user.update_gravatar', kwargs={'name': 'harshit@gosiru.com'}, method='frappe.core.doctype.user.user.update_gravatar', site='gosiru', user='harshitpadha@gosiru.com') (gosiru::389f1e73-8aaf-4ad7-a623-5247d16632ed)
2024-11-15 15:20:10,862 home-harshit-frappe-bench:default: Job OK (gosiru::389f1e73-8aaf-4ad7-a623-5247d16632ed)
2024-11-15 15:20:10,862 Result is kept for 600 seconds
2024-11-15 15:20:12,782 home-harshit-frappe-bench:default: frappe.utils.background_jobs.execute_job(event=None, is_async=True, job_name='frappe.core.doctype.user.user.create_contact', kwargs={'user': <User: harshit@gosiru.com>, 'ignore_mandatory': True}, method='frappe.core.doctype.user.user.create_contact', site='gosiru', user='harshitpadha@gosiru.com') (gosiru::95b425e0-5e19-4ac7-b76f-287dae97e282)
2024-11-15 15:20:13,794 home-harshit-frappe-bench:default: Job OK (gosiru::95b425e0-5e19-4ac7-b76f-287dae97e282)
2024-11-15 15:20:13,794 Result is kept for 600 seconds
2024-11-15 15:20:13,819 home-harshit-frappe-bench:default: frappe.utils.background_jobs.execute_job(event=None, is_async=True, job_name='frappe.core.doctype.user.user.update_gravatar', kwargs={'name': 'harshit@gosiru.com'}, method='frappe.core.doctype.user.user.update_gravatar', site='gosiru', user='harshitpadha@gosiru.com') (gosiru::c27b6a5a-b822-443a-8cee-d9862a77aaf8)
2024-11-15 15:20:14,217 home-harshit-frappe-bench:default: Job OK (gosiru::c27b6a5a-b822-443a-8cee-d9862a77aaf8)
2024-11-15 15:20:14,218 Result is kept for 600 seconds
2024-11-15 15:20:15,081 home-harshit-frappe-bench:default: frappe.utils.background_jobs.execute_job(event=None, is_async=True, job_name='frappe.core.doctype.user.user.create_contact', kwargs={'user': <User: harshit@gosiru.com>, 'ignore_mandatory': True}, method='frappe.core.doctype.user.user.create_contact', site='gosiru', user='harshitpadha@gosiru.com') (gosiru::2502d4fa-2a5f-4e1e-bde4-667ec7e0f40a)
2024-11-15 15:20:16,147 home-harshit-frappe-bench:default: Job OK (gosiru::2502d4fa-2a5f-4e1e-bde4-667ec7e0f40a)
2024-11-15 15:20:16,147 Result is kept for 600 seconds
2024-11-15 15:20:16,175 home-harshit-frappe-bench:default: frappe.utils.background_jobs.execute_job(event=None, is_async=True, job_name='frappe.core.doctype.user.user.update_gravatar', kwargs={'name': 'harshit@gosiru.com'}, method='frappe.core.doctype.user.user.update_gravatar', site='gosiru', user='harshitpadha@gosiru.com') (gosiru::0d6f3000-119b-4334-aa5e-7fbbc98a4393)
2024-11-15 15:20:16,614 home-harshit-frappe-bench:default: Job OK (gosiru::0d6f3000-119b-4334-aa5e-7fbbc98a4393)
2024-11-15 15:20:16,614 Result is kept for 600 seconds
2024-11-15 15:20:17,411 home-harshit-frappe-bench:default: frappe.utils.background_jobs.execute_job(event=None, is_async=True, job_name='frappe.core.doctype.user.user.create_contact', kwargs={'user': <User: harshit@gosiru.com>, 'ignore_mandatory': True}, method='frappe.core.doctype.user.user.create_contact', site='gosiru', user='harshitpadha@gosiru.com') (gosiru::52bbb0c2-afdd-4d21-8eba-88c8b0fd265d)
2024-11-15 15:20:18,232 home-harshit-frappe-bench:default: Job OK (gosiru::52bbb0c2-afdd-4d21-8eba-88c8b0fd265d)
2024-11-15 15:20:18,232 Result is kept for 600 seconds
2024-11-15 15:20:18,252 home-harshit-frappe-bench:default: frappe.utils.background_jobs.execute_job(event=None, is_async=True, job_name='frappe.core.doctype.user.user.update_gravatar', kwargs={'name': 'harshit@gosiru.com'}, method='frappe.core.doctype.user.user.update_gravatar', site='gosiru', user='harshitpadha@gosiru.com') (gosiru::8340e152-d052-4fa0-a7f9-4fcbf1bafcc9)
2024-11-15 15:20:18,598 home-harshit-frappe-bench:default: Job OK (gosiru::8340e152-d052-4fa0-a7f9-4fcbf1bafcc9)
2024-11-15 15:20:18,598 Result is kept for 600 seconds
2024-11-15 15:20:21,278 home-harshit-frappe-bench:default: frappe.utils.background_jobs.execute_job(event=None, is_async=True, job_name='frappe.core.doctype.user.user.create_contact', kwargs={'user': <User: harshit@gosiru.com>, 'ignore_mandatory': True}, method='frappe.core.doctype.user.user.create_contact', site='gosiru', user='harshitpadha@gosiru.com') (gosiru::59093db9-fbdb-40f2-b3c3-5af72a7b09c1)
2024-11-15 15:20:22,041 home-harshit-frappe-bench:default: Job OK (gosiru::59093db9-fbdb-40f2-b3c3-5af72a7b09c1)
2024-11-15 15:20:22,041 Result is kept for 600 seconds
2024-11-15 15:20:22,052 home-harshit-frappe-bench:default: frappe.utils.background_jobs.execute_job(event=None, is_async=True, job_name='frappe.core.doctype.user.user.update_gravatar', kwargs={'name': 'harshit@gosiru.com'}, method='frappe.core.doctype.user.user.update_gravatar', site='gosiru', user='harshitpadha@gosiru.com') (gosiru::e3e2810b-4260-4189-8b1b-e512be989d81)
2024-11-15 15:20:22,302 home-harshit-frappe-bench:default: Job OK (gosiru::e3e2810b-4260-4189-8b1b-e512be989d81)
2024-11-15 15:20:22,302 Result is kept for 600 seconds
2024-11-15 15:20:24,061 home-harshit-frappe-bench:default: frappe.utils.background_jobs.execute_job(event=None, is_async=True, job_name='frappe.core.doctype.user.user.create_contact', kwargs={'user': <User: harshit@gosiru.com>, 'ignore_mandatory': True}, method='frappe.core.doctype.user.user.create_contact', site='gosiru', user='harshitpadha@gosiru.com') (gosiru::78958ab5-6d65-459e-b461-b0591ad4538e)
2024-11-15 15:20:24,863 home-harshit-frappe-bench:default: Job OK (gosiru::78958ab5-6d65-459e-b461-b0591ad4538e)
2024-11-15 15:20:24,863 Result is kept for 600 seconds
2024-11-15 15:20:24,874 home-harshit-frappe-bench:default: frappe.utils.background_jobs.execute_job(event=None, is_async=True, job_name='frappe.core.doctype.user.user.update_gravatar', kwargs={'name': 'harshit@gosiru.com'}, method='frappe.core.doctype.user.user.update_gravatar', site='gosiru', user='harshitpadha@gosiru.com') (gosiru::1fabc8ad-dcd6-4e76-8917-846383669cde)
2024-11-15 15:20:25,199 home-harshit-frappe-bench:default: Job OK (gosiru::1fabc8ad-dcd6-4e76-8917-846383669cde)
2024-11-15 15:20:25,199 Result is kept for 600 seconds
2024-11-15 15:20:25,937 home-harshit-frappe-bench:default: frappe.utils.background_jobs.execute_job(event=None, is_async=True, job_name='frappe.core.doctype.user.user.create_contact', kwargs={'user': <User: harshit@gosiru.com>, 'ignore_mandatory': True}, method='frappe.core.doctype.user.user.create_contact', site='gosiru', user='harshitpadha@gosiru.com') (gosiru::a7c5f657-1aa1-41e8-96f0-00d60c9f78ca)
2024-11-15 15:20:26,813 home-harshit-frappe-bench:default: Job OK (gosiru::a7c5f657-1aa1-41e8-96f0-00d60c9f78ca)
2024-11-15 15:20:26,813 Result is kept for 600 seconds
2024-11-15 15:20:26,824 home-harshit-frappe-bench:default: frappe.utils.background_jobs.execute_job(event=None, is_async=True, job_name='frappe.core.doctype.user.user.update_gravatar', kwargs={'name': 'harshit@gosiru.com'}, method='frappe.core.doctype.user.user.update_gravatar', site='gosiru', user='harshitpadha@gosiru.com') (gosiru::fe1ea03f-bcc7-43d2-ad9f-166591e7de79)
2024-11-15 15:20:27,091 home-harshit-frappe-bench:default: Job OK (gosiru::fe1ea03f-bcc7-43d2-ad9f-166591e7de79)
2024-11-15 15:20:27,091 Result is kept for 600 seconds
2024-11-15 15:20:27,137 home-harshit-frappe-bench:default: frappe.utils.background_jobs.execute_job(event=None, is_async=True, job_name='frappe.core.doctype.user.user.create_contact', kwargs={'user': <User: harshit@gosiru.com>, 'ignore_mandatory': True}, method='frappe.core.doctype.user.user.create_contact', site='gosiru', user='harshitpadha@gosiru.com') (gosiru::afd0a7ce-ad0f-4c71-a6ea-c384b3f3a6e9)
2024-11-15 15:20:27,704 home-harshit-frappe-bench:default: Job OK (gosiru::afd0a7ce-ad0f-4c71-a6ea-c384b3f3a6e9)
2024-11-15 15:20:27,704 Result is kept for 600 seconds
2024-11-15 15:20:27,716 home-harshit-frappe-bench:default: frappe.utils.background_jobs.execute_job(event=None, is_async=True, job_name='frappe.core.doctype.user.user.update_gravatar', kwargs={'name': 'harshit@gosiru.com'}, method='frappe.core.doctype.user.user.update_gravatar', site='gosiru', user='harshitpadha@gosiru.com') (gosiru::a6209a66-d1f2-49aa-9d73-148f6bcc9264)
2024-11-15 15:20:27,944 home-harshit-frappe-bench:default: Job OK (gosiru::a6209a66-d1f2-49aa-9d73-148f6bcc9264)
2024-11-15 15:20:27,944 Result is kept for 600 seconds
2024-11-15 15:20:30,064 home-harshit-frappe-bench:default: frappe.utils.background_jobs.execute_job(event=None, is_async=True, job_name='frappe.core.doctype.user.user.create_contact', kwargs={'user': <User: harshit@gosiru.com>, 'ignore_mandatory': True}, method='frappe.core.doctype.user.user.create_contact', site='gosiru', user='harshitpadha@gosiru.com') (gosiru::c9e9e058-b558-4381-b4e0-20efcd22d154)
2024-11-15 15:20:30,960 home-harshit-frappe-bench:default: Job OK (gosiru::c9e9e058-b558-4381-b4e0-20efcd22d154)
2024-11-15 15:20:30,960 Result is kept for 600 seconds
2024-11-15 15:20:30,983 home-harshit-frappe-bench:default: frappe.utils.background_jobs.execute_job(event=None, is_async=True, job_name='frappe.core.doctype.user.user.update_gravatar', kwargs={'name': 'harshit@gosiru.com'}, method='frappe.core.doctype.user.user.update_gravatar', site='gosiru', user='harshitpadha@gosiru.com') (gosiru::c893764e-0c8c-46b5-bce9-55220a54b136)
2024-11-15 15:20:31,354 home-harshit-frappe-bench:default: Job OK (gosiru::c893764e-0c8c-46b5-bce9-55220a54b136)
2024-11-15 15:20:31,355 Result is kept for 600 seconds
2024-11-15 15:20:31,363 home-harshit-frappe-bench:default: frappe.utils.background_jobs.execute_job(event=None, is_async=True, job_name='frappe.core.doctype.user.user.create_contact', kwargs={'user': <User: harshit@gosiru.com>, 'ignore_mandatory': True}, method='frappe.core.doctype.user.user.create_contact', site='gosiru', user='harshitpadha@gosiru.com') (gosiru::dac5a266-188d-44ec-843a-4c26f51d6ddf)
2024-11-15 15:20:32,060 home-harshit-frappe-bench:default: Job OK (gosiru::dac5a266-188d-44ec-843a-4c26f51d6ddf)
2024-11-15 15:20:32,061 Result is kept for 600 seconds
2024-11-15 15:20:32,071 home-harshit-frappe-bench:default: frappe.utils.background_jobs.execute_job(event=None, is_async=True, job_name='frappe.core.doctype.user.user.update_gravatar', kwargs={'name': 'harshit@gosiru.com'}, method='frappe.core.doctype.user.user.update_gravatar', site='gosiru', user='harshitpadha@gosiru.com') (gosiru::1ee01750-cfb3-4305-a3a0-300d8b24d750)
2024-11-15 15:20:32,342 home-harshit-frappe-bench:default: Job OK (gosiru::1ee01750-cfb3-4305-a3a0-300d8b24d750)
2024-11-15 15:20:32,342 Result is kept for 600 seconds
2024-11-15 15:20:32,397 home-harshit-frappe-bench:default: frappe.utils.background_jobs.execute_job(event=None, is_async=True, job_name='frappe.core.doctype.user.user.create_contact', kwargs={'user': <User: harshit@gosiru.com>, 'ignore_mandatory': True}, method='frappe.core.doctype.user.user.create_contact', site='gosiru', user='harshitpadha@gosiru.com') (gosiru::3beed39f-abd8-489d-bcfb-b7496a7f0eca)
2024-11-15 15:20:33,148 home-harshit-frappe-bench:default: Job OK (gosiru::3beed39f-abd8-489d-bcfb-b7496a7f0eca)
2024-11-15 15:20:33,148 Result is kept for 600 seconds
2024-11-15 15:20:33,161 home-harshit-frappe-bench:default: frappe.utils.background_jobs.execute_job(event=None, is_async=True, job_name='frappe.core.doctype.user.user.update_gravatar', kwargs={'name': 'harshit@gosiru.com'}, method='frappe.core.doctype.user.user.update_gravatar', site='gosiru', user='harshitpadha@gosiru.com') (gosiru::4b497623-4a1d-4a9a-b0ef-1885f6eb6ac4)
2024-11-15 15:20:33,394 home-harshit-frappe-bench:default: Job OK (gosiru::4b497623-4a1d-4a9a-b0ef-1885f6eb6ac4)
2024-11-15 15:20:33,394 Result is kept for 600 seconds
2024-11-15 15:20:33,618 home-harshit-frappe-bench:default: frappe.utils.background_jobs.execute_job(event=None, is_async=True, job_name='frappe.core.doctype.user.user.create_contact', kwargs={'user': <User: harshit@gosiru.com>, 'ignore_mandatory': True}, method='frappe.core.doctype.user.user.create_contact', site='gosiru', user='harshitpadha@gosiru.com') (gosiru::e39084e6-1b2b-44f7-8750-b60c00c110af)
2024-11-15 15:20:34,206 home-harshit-frappe-bench:default: Job OK (gosiru::e39084e6-1b2b-44f7-8750-b60c00c110af)
2024-11-15 15:20:34,206 Result is kept for 600 seconds
2024-11-15 15:20:34,220 home-harshit-frappe-bench:default: frappe.utils.background_jobs.execute_job(event=None, is_async=True, job_name='frappe.core.doctype.user.user.update_gravatar', kwargs={'name': 'harshit@gosiru.com'}, method='frappe.core.doctype.user.user.update_gravatar', site='gosiru', user='harshitpadha@gosiru.com') (gosiru::fc78e61e-653b-4969-afab-211d20181fd4)
2024-11-15 15:20:34,455 home-harshit-frappe-bench:default: Job OK (gosiru::fc78e61e-653b-4969-afab-211d20181fd4)
2024-11-15 15:20:34,455 Result is kept for 600 seconds
2024-11-15 15:20:35,048 home-harshit-frappe-bench:default: frappe.utils.background_jobs.execute_job(event=None, is_async=True, job_name='frappe.core.doctype.user.user.create_contact', kwargs={'user': <User: harshit@gosiru.com>, 'ignore_mandatory': True}, method='frappe.core.doctype.user.user.create_contact', site='gosiru', user='harshitpadha@gosiru.com') (gosiru::6f723a4f-fcd7-404f-96e9-871ecc378469)
2024-11-15 15:20:35,744 home-harshit-frappe-bench:default: Job OK (gosiru::6f723a4f-fcd7-404f-96e9-871ecc378469)
2024-11-15 15:20:35,744 Result is kept for 600 seconds
2024-11-15 15:20:35,754 home-harshit-frappe-bench:default: frappe.utils.background_jobs.execute_job(event=None, is_async=True, job_name='frappe.core.doctype.user.user.update_gravatar', kwargs={'name': 'harshit@gosiru.com'}, method='frappe.core.doctype.user.user.update_gravatar', site='gosiru', user='harshitpadha@gosiru.com') (gosiru::3f39d73c-c738-417e-9e1f-1252f5482371)
2024-11-15 15:20:35,982 home-harshit-frappe-bench:default: Job OK (gosiru::3f39d73c-c738-417e-9e1f-1252f5482371)
2024-11-15 15:20:35,983 Result is kept for 600 seconds
2024-11-15 15:20:36,039 home-harshit-frappe-bench:default: frappe.utils.background_jobs.execute_job(event=None, is_async=True, job_name='frappe.core.doctype.user.user.create_contact', kwargs={'user': <User: harshit@gosiru.com>, 'ignore_mandatory': True}, method='frappe.core.doctype.user.user.create_contact', site='gosiru', user='harshitpadha@gosiru.com') (gosiru::69211c47-f943-4711-8d9d-d616aefd1c15)
2024-11-15 15:20:36,662 home-harshit-frappe-bench:default: Job OK (gosiru::69211c47-f943-4711-8d9d-d616aefd1c15)
2024-11-15 15:20:36,663 Result is kept for 600 seconds
2024-11-15 15:20:36,678 home-harshit-frappe-bench:default: frappe.utils.background_jobs.execute_job(event=None, is_async=True, job_name='frappe.core.doctype.user.user.update_gravatar', kwargs={'name': 'harshit@gosiru.com'}, method='frappe.core.doctype.user.user.update_gravatar', site='gosiru', user='harshitpadha@gosiru.com') (gosiru::1f4f1fa0-89de-44cc-ba0e-deb3bc8ea49c)
2024-11-15 15:20:36,891 home-harshit-frappe-bench:default: Job OK (gosiru::1f4f1fa0-89de-44cc-ba0e-deb3bc8ea49c)
2024-11-15 15:20:36,892 Result is kept for 600 seconds
2024-11-15 15:20:37,288 home-harshit-frappe-bench:default: frappe.utils.background_jobs.execute_job(event=None, is_async=True, job_name='frappe.core.doctype.user.user.create_contact', kwargs={'user': <User: harshit@gosiru.com>, 'ignore_mandatory': True}, method='frappe.core.doctype.user.user.create_contact', site='gosiru', user='harshitpadha@gosiru.com') (gosiru::02c66ca7-3560-4f4f-a937-a374784fb3b6)
2024-11-15 15:20:37,838 home-harshit-frappe-bench:default: Job OK (gosiru::02c66ca7-3560-4f4f-a937-a374784fb3b6)
2024-11-15 15:20:37,839 Result is kept for 600 seconds
2024-11-15 15:20:37,848 home-harshit-frappe-bench:default: frappe.utils.background_jobs.execute_job(event=None, is_async=True, job_name='frappe.core.doctype.user.user.update_gravatar', kwargs={'name': 'harshit@gosiru.com'}, method='frappe.core.doctype.user.user.update_gravatar', site='gosiru', user='harshitpadha@gosiru.com') (gosiru::45aae86a-8b04-475b-af07-a347c7ce0ee2)
2024-11-15 15:20:38,081 home-harshit-frappe-bench:default: Job OK (gosiru::45aae86a-8b04-475b-af07-a347c7ce0ee2)
2024-11-15 15:20:38,081 Result is kept for 600 seconds
2024-11-15 15:20:39,472 home-harshit-frappe-bench:default: frappe.utils.background_jobs.execute_job(event=None, is_async=True, job_name='frappe.core.doctype.user.user.create_contact', kwargs={'user': <User: harshit@gosiru.com>, 'ignore_mandatory': True}, method='frappe.core.doctype.user.user.create_contact', site='gosiru', user='harshitpadha@gosiru.com') (gosiru::9ed0d777-f708-48f9-a885-b31765817991)
2024-11-15 15:20:39,994 home-harshit-frappe-bench:default: Job OK (gosiru::9ed0d777-f708-48f9-a885-b31765817991)
2024-11-15 15:20:39,994 Result is kept for 600 seconds
2024-11-15 15:20:40,004 home-harshit-frappe-bench:default: frappe.utils.background_jobs.execute_job(event=None, is_async=True, job_name='frappe.core.doctype.user.user.update_gravatar', kwargs={'name': 'harshit@gosiru.com'}, method='frappe.core.doctype.user.user.update_gravatar', site='gosiru', user='harshitpadha@gosiru.com') (gosiru::b1e6402c-6192-480a-8871-5af43931464e)
2024-11-15 15:20:40,226 home-harshit-frappe-bench:default: Job OK (gosiru::b1e6402c-6192-480a-8871-5af43931464e)
2024-11-15 15:20:40,226 Result is kept for 600 seconds
2024-11-15 15:20:40,907 home-harshit-frappe-bench:default: frappe.utils.background_jobs.execute_job(event=None, is_async=True, job_name='frappe.core.doctype.user.user.create_contact', kwargs={'user': <User: harshit@gosiru.com>, 'ignore_mandatory': True}, method='frappe.core.doctype.user.user.create_contact', site='gosiru', user='harshitpadha@gosiru.com') (gosiru::e5248c48-58d9-4f53-8ac7-1bb81ff81903)
2024-11-15 15:20:41,494 home-harshit-frappe-bench:default: Job OK (gosiru::e5248c48-58d9-4f53-8ac7-1bb81ff81903)
2024-11-15 15:20:41,494 Result is kept for 600 seconds
2024-11-15 15:20:41,503 home-harshit-frappe-bench:default: frappe.utils.background_jobs.execute_job(event=None, is_async=True, job_name='frappe.core.doctype.user.user.update_gravatar', kwargs={'name': 'harshit@gosiru.com'}, method='frappe.core.doctype.user.user.update_gravatar', site='gosiru', user='harshitpadha@gosiru.com') (gosiru::a1856a9b-4740-4df5-95ca-38b368c21849)
2024-11-15 15:20:41,714 home-harshit-frappe-bench:default: Job OK (gosiru::a1856a9b-4740-4df5-95ca-38b368c21849)
2024-11-15 15:20:41,714 Result is kept for 600 seconds
2024-11-15 15:20:43,952 home-harshit-frappe-bench:default: frappe.utils.background_jobs.execute_job(event=None, is_async=True, job_name='frappe.core.doctype.user.user.create_contact', kwargs={'user': <User: harshit@gosiru.com>, 'ignore_mandatory': True}, method='frappe.core.doctype.user.user.create_contact', site='gosiru', user='harshitpadha@gosiru.com') (gosiru::7c9cc69d-c4fe-4910-aeb9-5784019547ff)
2024-11-15 15:20:44,655 home-harshit-frappe-bench:default: Job OK (gosiru::7c9cc69d-c4fe-4910-aeb9-5784019547ff)
2024-11-15 15:20:44,655 Result is kept for 600 seconds
2024-11-15 15:20:44,672 home-harshit-frappe-bench:default: frappe.utils.background_jobs.execute_job(event=None, is_async=True, job_name='frappe.core.doctype.user.user.update_gravatar', kwargs={'name': 'harshit@gosiru.com'}, method='frappe.core.doctype.user.user.update_gravatar', site='gosiru', user='harshitpadha@gosiru.com') (gosiru::08812667-f967-417a-abfb-271436ecf9d7)
2024-11-15 15:20:45,063 home-harshit-frappe-bench:default: Job OK (gosiru::08812667-f967-417a-abfb-271436ecf9d7)
2024-11-15 15:20:45,064 Result is kept for 600 seconds
2024-11-15 15:20:45,151 home-harshit-frappe-bench:default: frappe.utils.background_jobs.execute_job(event=None, is_async=True, job_name='frappe.core.doctype.user.user.create_contact', kwargs={'user': <User: harshit@gosiru.com>, 'ignore_mandatory': True}, method='frappe.core.doctype.user.user.create_contact', site='gosiru', user='harshitpadha@gosiru.com') (gosiru::2bb86246-a29a-4986-895a-b1184e8de723)
2024-11-15 15:20:45,650 home-harshit-frappe-bench:default: Job OK (gosiru::2bb86246-a29a-4986-895a-b1184e8de723)
2024-11-15 15:20:45,650 Result is kept for 600 seconds
2024-11-15 15:20:45,660 home-harshit-frappe-bench:default: frappe.utils.background_jobs.execute_job(event=None, is_async=True, job_name='frappe.core.doctype.user.user.update_gravatar', kwargs={'name': 'harshit@gosiru.com'}, method='frappe.core.doctype.user.user.update_gravatar', site='gosiru', user='harshitpadha@gosiru.com') (gosiru::62cf90b6-b046-4b7a-abf7-ff21d54761be)
2024-11-15 15:20:45,901 home-harshit-frappe-bench:default: Job OK (gosiru::62cf90b6-b046-4b7a-abf7-ff21d54761be)
2024-11-15 15:20:45,901 Result is kept for 600 seconds
2024-11-15 15:20:46,863 home-harshit-frappe-bench:default: frappe.utils.background_jobs.execute_job(event=None, is_async=True, job_name='frappe.core.doctype.scheduled_job_type.scheduled_job_type.run_scheduled_jo..., kwargs={'job_type': 'frappe.automation.doctype.reminder.reminder.send_reminders'}, method='frappe.core.doctype.scheduled_job_type.scheduled_job_type.run_scheduled_jo..., site='gosiru', user='Administrator') (gosiru::scheduled_job::frappe.automation.doctype.reminder.reminder.send_reminders)
2024-11-15 15:20:47,138 home-harshit-frappe-bench:default: Job OK (gosiru::scheduled_job::frappe.automation.doctype.reminder.reminder.send_reminders)
2024-11-15 15:20:47,138 Result is kept for 600 seconds
2024-11-15 15:20:47,146 home-harshit-frappe-bench:default: frappe.utils.background_jobs.execute_job(event=None, is_async=True, job_name='frappe.core.doctype.scheduled_job_type.scheduled_job_type.run_scheduled_jo..., kwargs={'job_type': 'frappe.monitor.flush'}, method='frappe.core.doctype.scheduled_job_type.scheduled_job_type.run_scheduled_jo..., site='gosiru', user='Administrator') (gosiru::scheduled_job::frappe.monitor.flush)
2024-11-15 15:20:47,371 home-harshit-frappe-bench:default: Job OK (gosiru::scheduled_job::frappe.monitor.flush)
2024-11-15 15:20:47,371 Result is kept for 600 seconds
2024-11-15 15:20:47,382 home-harshit-frappe-bench:default: frappe.utils.background_jobs.execute_job(event=None, is_async=True, job_name='frappe.core.doctype.scheduled_job_type.scheduled_job_type.run_scheduled_jo..., kwargs={'job_type': 'frappe.email.queue.flush'}, method='frappe.core.doctype.scheduled_job_type.scheduled_job_type.run_scheduled_jo..., site='gosiru', user='Administrator') (gosiru::scheduled_job::frappe.email.queue.flush)
2024-11-15 15:20:47,934 home-harshit-frappe-bench:default: Job OK (gosiru::scheduled_job::frappe.email.queue.flush)
2024-11-15 15:20:47,934 Result is kept for 600 seconds
2024-11-15 15:20:47,953 home-harshit-frappe-bench:default: frappe.utils.background_jobs.execute_job(event=None, is_async=True, job_name='frappe.core.doctype.scheduled_job_type.scheduled_job_type.run_scheduled_jo..., kwargs={'job_type': 'frappe.email.doctype.email_account.email_account.pull'}, method='frappe.core.doctype.scheduled_job_type.scheduled_job_type.run_scheduled_jo..., site='gosiru', user='Administrator') (gosiru::scheduled_job::frappe.email.doctype.email_account.email_account.pull)
2024-11-15 15:20:48,422 home-harshit-frappe-bench:default: Job OK (gosiru::scheduled_job::frappe.email.doctype.email_account.email_account.pull)
2024-11-15 15:20:48,422 Result is kept for 600 seconds
2024-11-15 15:20:48,431 home-harshit-frappe-bench:default: frappe.utils.background_jobs.execute_job(event=None, is_async=True, job_name='frappe.core.doctype.user.user.create_contact', kwargs={'user': <User: harshit@gosiru.com>, 'ignore_mandatory': True}, method='frappe.core.doctype.user.user.create_contact', site='gosiru', user='harshitpadha@gosiru.com') (gosiru::3fc471cb-86d6-494c-aac8-fa5455b84ab4)
2024-11-15 15:20:48,985 home-harshit-frappe-bench:default: Job OK (gosiru::3fc471cb-86d6-494c-aac8-fa5455b84ab4)
2024-11-15 15:20:48,986 Result is kept for 600 seconds
2024-11-15 15:20:48,996 home-harshit-frappe-bench:default: frappe.utils.background_jobs.execute_job(event=None, is_async=True, job_name='frappe.core.doctype.user.user.update_gravatar', kwargs={'name': 'harshit@gosiru.com'}, method='frappe.core.doctype.user.user.update_gravatar', site='gosiru', user='harshitpadha@gosiru.com') (gosiru::4419af91-6471-4828-b1ed-e5fcb77498fc)
2024-11-15 15:20:49,313 home-harshit-frappe-bench:default: Job OK (gosiru::4419af91-6471-4828-b1ed-e5fcb77498fc)
2024-11-15 15:20:49,313 Result is kept for 600 seconds
2024-11-15 15:20:49,335 home-harshit-frappe-bench:default: frappe.utils.background_jobs.execute_job(event=None, is_async=True, job_name='frappe.core.doctype.user.user.create_contact', kwargs={'user': <User: harshit@gosiru.com>, 'ignore_mandatory': True}, method='frappe.core.doctype.user.user.create_contact', site='gosiru', user='harshitpadha@gosiru.com') (gosiru::e6b50f61-17d4-4eda-ab12-935e8c3410d8)
2024-11-15 15:20:50,106 home-harshit-frappe-bench:default: Job OK (gosiru::e6b50f61-17d4-4eda-ab12-935e8c3410d8)
2024-11-15 15:20:50,107 Result is kept for 600 seconds
2024-11-15 15:20:50,117 home-harshit-frappe-bench:default: frappe.utils.background_jobs.execute_job(event=None, is_async=True, job_name='frappe.core.doctype.user.user.update_gravatar', kwargs={'name': 'harshit@gosiru.com'}, method='frappe.core.doctype.user.user.update_gravatar', site='gosiru', user='harshitpadha@gosiru.com') (gosiru::d591c645-a922-463c-8ee7-11262fe02eb4)
2024-11-15 15:20:50,362 home-harshit-frappe-bench:default: Job OK (gosiru::d591c645-a922-463c-8ee7-11262fe02eb4)
2024-11-15 15:20:50,362 Result is kept for 600 seconds
2024-11-15 15:20:50,370 home-harshit-frappe-bench:default: frappe.utils.background_jobs.execute_job(event=None, is_async=True, job_name='frappe.core.doctype.user.user.create_contact', kwargs={'user': <User: harshit@gosiru.com>, 'ignore_mandatory': True}, method='frappe.core.doctype.user.user.create_contact', site='gosiru', user='harshitpadha@gosiru.com') (gosiru::c9948dcb-ea9c-4289-b034-1d8ed3f77737)
2024-11-15 15:20:50,878 home-harshit-frappe-bench:default: Job OK (gosiru::c9948dcb-ea9c-4289-b034-1d8ed3f77737)
2024-11-15 15:20:50,878 Result is kept for 600 seconds
2024-11-15 15:20:50,888 home-harshit-frappe-bench:default: frappe.utils.background_jobs.execute_job(event=None, is_async=True, job_name='frappe.core.doctype.user.user.update_gravatar', kwargs={'name': 'harshit@gosiru.com'}, method='frappe.core.doctype.user.user.update_gravatar', site='gosiru', user='harshitpadha@gosiru.com') (gosiru::d0d0c260-1a11-4562-8106-d4210fb2b7d5)
2024-11-15 15:20:51,103 home-harshit-frappe-bench:default: Job OK (gosiru::d0d0c260-1a11-4562-8106-d4210fb2b7d5)
2024-11-15 15:20:51,104 Result is kept for 600 seconds
2024-11-15 15:20:51,804 home-harshit-frappe-bench:default: frappe.utils.background_jobs.execute_job(event=None, is_async=True, job_name='frappe.core.doctype.user.user.create_contact', kwargs={'user': <User: harshit@gosiru.com>, 'ignore_mandatory': True}, method='frappe.core.doctype.user.user.create_contact', site='gosiru', user='harshitpadha@gosiru.com') (gosiru::2266fd83-26c6-493a-8d08-b44d10b0ab7b)
2024-11-15 15:20:52,505 home-harshit-frappe-bench:default: Job OK (gosiru::2266fd83-26c6-493a-8d08-b44d10b0ab7b)
2024-11-15 15:20:52,505 Result is kept for 600 seconds
2024-11-15 15:20:52,515 home-harshit-frappe-bench:default: frappe.utils.background_jobs.execute_job(event=None, is_async=True, job_name='frappe.core.doctype.user.user.update_gravatar', kwargs={'name': 'harshit@gosiru.com'}, method='frappe.core.doctype.user.user.update_gravatar', site='gosiru', user='harshitpadha@gosiru.com') (gosiru::596d2fcc-07c1-4ce2-a74a-cb10e5547fe7)
2024-11-15 15:20:52,776 home-harshit-frappe-bench:default: Job OK (gosiru::596d2fcc-07c1-4ce2-a74a-cb10e5547fe7)
2024-11-15 15:20:52,776 Result is kept for 600 seconds
2024-11-15 15:20:52,784 home-harshit-frappe-bench:default: frappe.utils.background_jobs.execute_job(event=None, is_async=True, job_name='frappe.core.doctype.user.user.create_contact', kwargs={'user': <User: harshit@gosiru.com>, 'ignore_mandatory': True}, method='frappe.core.doctype.user.user.create_contact', site='gosiru', user='harshitpadha@gosiru.com') (gosiru::cd823912-ba3d-46c8-91f3-fa824bbd5a9d)
2024-11-15 15:20:53,304 home-harshit-frappe-bench:default: Job OK (gosiru::cd823912-ba3d-46c8-91f3-fa824bbd5a9d)
2024-11-15 15:20:53,304 Result is kept for 600 seconds
2024-11-15 15:20:53,313 home-harshit-frappe-bench:default: frappe.utils.background_jobs.execute_job(event=None, is_async=True, job_name='frappe.core.doctype.user.user.update_gravatar', kwargs={'name': 'harshit@gosiru.com'}, method='frappe.core.doctype.user.user.update_gravatar', site='gosiru', user='harshitpadha@gosiru.com') (gosiru::5acc43f8-ec7f-4fcd-8d62-cd0cd46bf799)
2024-11-15 15:20:53,521 home-harshit-frappe-bench:default: Job OK (gosiru::5acc43f8-ec7f-4fcd-8d62-cd0cd46bf799)
2024-11-15 15:20:53,521 Result is kept for 600 seconds
2024-11-15 15:20:55,899 home-harshit-frappe-bench:default: frappe.utils.background_jobs.execute_job(event=None, is_async=True, job_name='frappe.core.doctype.user.user.create_contact', kwargs={'user': <User: harshit@gosiru.com>, 'ignore_mandatory': True}, method='frappe.core.doctype.user.user.create_contact', site='gosiru', user='harshitpadha@gosiru.com') (gosiru::c95a6639-5b09-4625-9527-33d32d5870ab)
2024-11-15 15:20:56,486 home-harshit-frappe-bench:default: Job OK (gosiru::c95a6639-5b09-4625-9527-33d32d5870ab)
2024-11-15 15:20:56,486 Result is kept for 600 seconds
2024-11-15 15:20:56,496 home-harshit-frappe-bench:default: frappe.utils.background_jobs.execute_job(event=None, is_async=True, job_name='frappe.core.doctype.user.user.update_gravatar', kwargs={'name': 'harshit@gosiru.com'}, method='frappe.core.doctype.user.user.update_gravatar', site='gosiru', user='harshitpadha@gosiru.com') (gosiru::852b69cd-3cf0-4327-aa7b-3c5ff9c37260)
2024-11-15 15:20:56,699 home-harshit-frappe-bench:default: Job OK (gosiru::852b69cd-3cf0-4327-aa7b-3c5ff9c37260)
2024-11-15 15:20:56,699 Result is kept for 600 seconds
2024-11-15 15:20:57,799 home-harshit-frappe-bench:default: frappe.utils.background_jobs.execute_job(event=None, is_async=True, job_name='frappe.core.doctype.user.user.create_contact', kwargs={'user': <User: harshit@gosiru.com>, 'ignore_mandatory': True}, method='frappe.core.doctype.user.user.create_contact', site='gosiru', user='harshitpadha@gosiru.com') (gosiru::da1504df-aa3b-4ff6-a2cd-4f1944156eda)
2024-11-15 15:20:58,378 home-harshit-frappe-bench:default: Job OK (gosiru::da1504df-aa3b-4ff6-a2cd-4f1944156eda)
2024-11-15 15:20:58,379 Result is kept for 600 seconds
2024-11-15 15:20:58,389 home-harshit-frappe-bench:default: frappe.utils.background_jobs.execute_job(event=None, is_async=True, job_name='frappe.core.doctype.user.user.update_gravatar', kwargs={'name': 'harshit@gosiru.com'}, method='frappe.core.doctype.user.user.update_gravatar', site='gosiru', user='harshitpadha@gosiru.com') (gosiru::a014126f-1347-481a-908c-4cbef96e6ddb)
2024-11-15 15:20:58,638 home-harshit-frappe-bench:default: Job OK (gosiru::a014126f-1347-481a-908c-4cbef96e6ddb)
2024-11-15 15:20:58,638 Result is kept for 600 seconds
2024-11-15 15:21:01,173 home-harshit-frappe-bench:default: frappe.utils.background_jobs.execute_job(event=None, is_async=True, job_name='frappe.core.doctype.user.user.create_contact', kwargs={'user': <User: harshit@gosiru.com>, 'ignore_mandatory': True}, method='frappe.core.doctype.user.user.create_contact', site='gosiru', user='harshitpadha@gosiru.com') (gosiru::71367446-05a2-4eea-a326-c7a8c5d2d4d8)
2024-11-15 15:21:01,822 home-harshit-frappe-bench:default: Job OK (gosiru::71367446-05a2-4eea-a326-c7a8c5d2d4d8)
2024-11-15 15:21:01,823 Result is kept for 600 seconds
2024-11-15 15:21:01,833 home-harshit-frappe-bench:default: frappe.utils.background_jobs.execute_job(event=None, is_async=True, job_name='frappe.core.doctype.user.user.update_gravatar', kwargs={'name': 'harshit@gosiru.com'}, method='frappe.core.doctype.user.user.update_gravatar', site='gosiru', user='harshitpadha@gosiru.com') (gosiru::32e6d6f6-fcc7-4cd6-bb1e-f52b4dd86991)
2024-11-15 15:21:02,081 home-harshit-frappe-bench:default: Job OK (gosiru::32e6d6f6-fcc7-4cd6-bb1e-f52b4dd86991)
2024-11-15 15:21:02,082 Result is kept for 600 seconds
2024-11-15 15:21:03,902 home-harshit-frappe-bench:default: frappe.utils.background_jobs.execute_job(event=None, is_async=True, job_name='frappe.core.doctype.user.user.create_contact', kwargs={'user': <User: harshit@gosiru.com>, 'ignore_mandatory': True}, method='frappe.core.doctype.user.user.create_contact', site='gosiru', user='harshitpadha@gosiru.com') (gosiru::db471e28-17de-4c5b-b16d-37f386432a17)
2024-11-15 15:21:04,464 home-harshit-frappe-bench:default: Job OK (gosiru::db471e28-17de-4c5b-b16d-37f386432a17)
2024-11-15 15:21:04,465 Result is kept for 600 seconds
2024-11-15 15:21:04,475 home-harshit-frappe-bench:default: frappe.utils.background_jobs.execute_job(event=None, is_async=True, job_name='frappe.core.doctype.user.user.update_gravatar', kwargs={'name': 'harshit@gosiru.com'}, method='frappe.core.doctype.user.user.update_gravatar', site='gosiru', user='harshitpadha@gosiru.com') (gosiru::97898b04-88cd-47d1-b687-48a44ab1b1f2)
2024-11-15 15:21:04,698 home-harshit-frappe-bench:default: Job OK (gosiru::97898b04-88cd-47d1-b687-48a44ab1b1f2)
2024-11-15 15:21:04,698 Result is kept for 600 seconds
2024-11-15 15:21:07,151 home-harshit-frappe-bench:default: frappe.utils.background_jobs.execute_job(event=None, is_async=True, job_name='frappe.core.doctype.user.user.create_contact', kwargs={'user': <User: harshit@gosiru.com>, 'ignore_mandatory': True}, method='frappe.core.doctype.user.user.create_contact', site='gosiru', user='harshitpadha@gosiru.com') (gosiru::e1cbc259-a662-47ee-929f-e0fae83216cb)
2024-11-15 15:21:07,720 home-harshit-frappe-bench:default: Job OK (gosiru::e1cbc259-a662-47ee-929f-e0fae83216cb)
2024-11-15 15:21:07,720 Result is kept for 600 seconds
2024-11-15 15:21:07,729 home-harshit-frappe-bench:default: frappe.utils.background_jobs.execute_job(event=None, is_async=True, job_name='frappe.core.doctype.user.user.update_gravatar', kwargs={'name': 'harshit@gosiru.com'}, method='frappe.core.doctype.user.user.update_gravatar', site='gosiru', user='harshitpadha@gosiru.com') (gosiru::2aa6ccf6-4086-4fc8-b18b-ab33950d2d91)
2024-11-15 15:21:07,948 home-harshit-frappe-bench:default: Job OK (gosiru::2aa6ccf6-4086-4fc8-b18b-ab33950d2d91)
2024-11-15 15:21:07,948 Result is kept for 600 seconds
2024-11-15 15:21:09,104 home-harshit-frappe-bench:default: frappe.utils.background_jobs.execute_job(event=None, is_async=True, job_name='frappe.core.doctype.user.user.create_contact', kwargs={'user': <User: harshit@gosiru.com>, 'ignore_mandatory': True}, method='frappe.core.doctype.user.user.create_contact', site='gosiru', user='harshitpadha@gosiru.com') (gosiru::4a288302-f109-4d31-9f7d-96854ef762d9)
2024-11-15 15:21:09,781 home-harshit-frappe-bench:default: Job OK (gosiru::4a288302-f109-4d31-9f7d-96854ef762d9)
2024-11-15 15:21:09,781 Result is kept for 600 seconds
2024-11-15 15:21:09,792 home-harshit-frappe-bench:default: frappe.utils.background_jobs.execute_job(event=None, is_async=True, job_name='frappe.core.doctype.user.user.update_gravatar', kwargs={'name': 'harshit@gosiru.com'}, method='frappe.core.doctype.user.user.update_gravatar', site='gosiru', user='harshitpadha@gosiru.com') (gosiru::899b3eb7-c1c9-4dc1-bcd5-1bcdc5a5a087)
2024-11-15 15:21:10,015 home-harshit-frappe-bench:default: Job OK (gosiru::899b3eb7-c1c9-4dc1-bcd5-1bcdc5a5a087)
2024-11-15 15:21:10,015 Result is kept for 600 seconds
2024-11-15 15:21:10,059 home-harshit-frappe-bench:default: frappe.utils.background_jobs.execute_job(event=None, is_async=True, job_name='frappe.core.doctype.user.user.create_contact', kwargs={'user': <User: harshit@gosiru.com>, 'ignore_mandatory': True}, method='frappe.core.doctype.user.user.create_contact', site='gosiru', user='harshitpadha@gosiru.com') (gosiru::e22f99ad-0152-45d3-bbbb-318af7e59ce1)
2024-11-15 15:21:10,601 home-harshit-frappe-bench:default: Job OK (gosiru::e22f99ad-0152-45d3-bbbb-318af7e59ce1)
2024-11-15 15:21:10,601 Result is kept for 600 seconds
2024-11-15 15:21:10,611 home-harshit-frappe-bench:default: frappe.utils.background_jobs.execute_job(event=None, is_async=True, job_name='frappe.core.doctype.user.user.update_gravatar', kwargs={'name': 'harshit@gosiru.com'}, method='frappe.core.doctype.user.user.update_gravatar', site='gosiru', user='harshitpadha@gosiru.com') (gosiru::c8920e37-248a-406b-94ce-61a37e4cfb40)
2024-11-15 15:21:10,830 home-harshit-frappe-bench:default: Job OK (gosiru::c8920e37-248a-406b-94ce-61a37e4cfb40)
2024-11-15 15:21:10,830 Result is kept for 600 seconds
2024-11-15 15:21:11,859 home-harshit-frappe-bench:default: frappe.utils.background_jobs.execute_job(event=None, is_async=True, job_name='frappe.core.doctype.user.user.create_contact', kwargs={'user': <User: harshit@gosiru.com>, 'ignore_mandatory': True}, method='frappe.core.doctype.user.user.create_contact', site='gosiru', user='harshitpadha@gosiru.com') (gosiru::3e97a707-f889-408d-a93e-97bf727052db)
2024-11-15 15:21:12,541 home-harshit-frappe-bench:default: Job OK (gosiru::3e97a707-f889-408d-a93e-97bf727052db)
2024-11-15 15:21:12,542 Result is kept for 600 seconds
2024-11-15 15:21:12,555 home-harshit-frappe-bench:default: frappe.utils.background_jobs.execute_job(event=None, is_async=True, job_name='frappe.core.doctype.user.user.update_gravatar', kwargs={'name': 'harshit@gosiru.com'}, method='frappe.core.doctype.user.user.update_gravatar', site='gosiru', user='harshitpadha@gosiru.com') (gosiru::bf1f6f60-f515-47fd-ab05-56d6ca0bfb26)
2024-11-15 15:21:12,781 home-harshit-frappe-bench:default: Job OK (gosiru::bf1f6f60-f515-47fd-ab05-56d6ca0bfb26)
2024-11-15 15:21:12,782 Result is kept for 600 seconds
2024-11-15 15:21:12,877 home-harshit-frappe-bench:default: frappe.utils.background_jobs.execute_job(event=None, is_async=True, job_name='frappe.core.doctype.user.user.create_contact', kwargs={'user': <User: harshit@gosiru.com>, 'ignore_mandatory': True}, method='frappe.core.doctype.user.user.create_contact', site='gosiru', user='harshitpadha@gosiru.com') (gosiru::eb915cbe-2764-4045-ae08-70766492a50f)
2024-11-15 15:21:13,564 home-harshit-frappe-bench:default: Job OK (gosiru::eb915cbe-2764-4045-ae08-70766492a50f)
2024-11-15 15:21:13,564 Result is kept for 600 seconds
2024-11-15 15:21:13,577 home-harshit-frappe-bench:default: frappe.utils.background_jobs.execute_job(event=None, is_async=True, job_name='frappe.core.doctype.user.user.update_gravatar', kwargs={'name': 'harshit@gosiru.com'}, method='frappe.core.doctype.user.user.update_gravatar', site='gosiru', user='harshitpadha@gosiru.com') (gosiru::ddb6c151-aff6-4dfe-86e5-7a50339d8678)
2024-11-15 15:21:13,822 home-harshit-frappe-bench:default: Job OK (gosiru::ddb6c151-aff6-4dfe-86e5-7a50339d8678)
2024-11-15 15:21:13,822 Result is kept for 600 seconds
2024-11-15 15:21:13,842 home-harshit-frappe-bench:default: frappe.utils.background_jobs.execute_job(event=None, is_async=True, job_name='frappe.core.doctype.user.user.create_contact', kwargs={'user': <User: harshit@gosiru.com>, 'ignore_mandatory': True}, method='frappe.core.doctype.user.user.create_contact', site='gosiru', user='harshitpadha@gosiru.com') (gosiru::30bdf774-e588-4adb-92a2-8bfaa8e229ee)
2024-11-15 15:21:14,569 home-harshit-frappe-bench:default: Job OK (gosiru::30bdf774-e588-4adb-92a2-8bfaa8e229ee)
2024-11-15 15:21:14,569 Result is kept for 600 seconds
2024-11-15 15:21:14,581 home-harshit-frappe-bench:default: frappe.utils.background_jobs.execute_job(event=None, is_async=True, job_name='frappe.core.doctype.user.user.update_gravatar', kwargs={'name': 'harshit@gosiru.com'}, method='frappe.core.doctype.user.user.update_gravatar', site='gosiru', user='harshitpadha@gosiru.com') (gosiru::f98a7aed-195f-441b-a37f-30c920f770da)
2024-11-15 15:21:14,809 home-harshit-frappe-bench:default: Job OK (gosiru::f98a7aed-195f-441b-a37f-30c920f770da)
2024-11-15 15:21:14,809 Result is kept for 600 seconds
2024-11-15 15:21:14,953 home-harshit-frappe-bench:default: frappe.utils.background_jobs.execute_job(event=None, is_async=True, job_name='frappe.core.doctype.user.user.create_contact', kwargs={'user': <User: harshit@gosiru.com>, 'ignore_mandatory': True}, method='frappe.core.doctype.user.user.create_contact', site='gosiru', user='harshitpadha@gosiru.com') (gosiru::a7a703fa-4ed2-43d1-a47a-506e335197f0)
2024-11-15 15:21:15,616 home-harshit-frappe-bench:default: Job OK (gosiru::a7a703fa-4ed2-43d1-a47a-506e335197f0)
2024-11-15 15:21:15,616 Result is kept for 600 seconds
2024-11-15 15:21:15,635 home-harshit-frappe-bench:default: frappe.utils.background_jobs.execute_job(event=None, is_async=True, job_name='frappe.core.doctype.user.user.update_gravatar', kwargs={'name': 'harshit@gosiru.com'}, method='frappe.core.doctype.user.user.update_gravatar', site='gosiru', user='harshitpadha@gosiru.com') (gosiru::2b3ffe56-f313-45d0-b7af-aa8463c56201)
2024-11-15 15:21:15,885 home-harshit-frappe-bench:default: Job OK (gosiru::2b3ffe56-f313-45d0-b7af-aa8463c56201)
2024-11-15 15:21:15,886 Result is kept for 600 seconds
2024-11-15 15:21:16,343 home-harshit-frappe-bench:default: frappe.utils.background_jobs.execute_job(event=None, is_async=True, job_name='frappe.core.doctype.user.user.create_contact', kwargs={'user': <User: harshit@gosiru.com>, 'ignore_mandatory': True}, method='frappe.core.doctype.user.user.create_contact', site='gosiru', user='harshitpadha@gosiru.com') (gosiru::7ff29796-2d66-428f-b61d-5678ab43b1f4)
2024-11-15 15:21:16,937 home-harshit-frappe-bench:default: Job OK (gosiru::7ff29796-2d66-428f-b61d-5678ab43b1f4)
2024-11-15 15:21:16,937 Result is kept for 600 seconds
2024-11-15 15:21:16,947 home-harshit-frappe-bench:default: frappe.utils.background_jobs.execute_job(event=None, is_async=True, job_name='frappe.core.doctype.user.user.update_gravatar', kwargs={'name': 'harshit@gosiru.com'}, method='frappe.core.doctype.user.user.update_gravatar', site='gosiru', user='harshitpadha@gosiru.com') (gosiru::907f04fb-4055-4f56-b2a9-5194633fa804)
2024-11-15 15:21:17,176 home-harshit-frappe-bench:default: Job OK (gosiru::907f04fb-4055-4f56-b2a9-5194633fa804)
2024-11-15 15:21:17,177 Result is kept for 600 seconds
2024-11-15 15:21:18,434 home-harshit-frappe-bench:default: frappe.utils.background_jobs.execute_job(event=None, is_async=True, job_name='frappe.core.doctype.user.user.create_contact', kwargs={'user': <User: harshit@gosiru.com>, 'ignore_mandatory': True}, method='frappe.core.doctype.user.user.create_contact', site='gosiru', user='harshitpadha@gosiru.com') (gosiru::ba7d5128-597e-4157-93a7-2e23f440805c)
2024-11-15 15:21:19,150 home-harshit-frappe-bench:default: Job OK (gosiru::ba7d5128-597e-4157-93a7-2e23f440805c)
2024-11-15 15:21:19,150 Result is kept for 600 seconds
2024-11-15 15:21:19,163 home-harshit-frappe-bench:default: frappe.utils.background_jobs.execute_job(event=None, is_async=True, job_name='frappe.core.doctype.user.user.update_gravatar', kwargs={'name': 'harshit@gosiru.com'}, method='frappe.core.doctype.user.user.update_gravatar', site='gosiru', user='harshitpadha@gosiru.com') (gosiru::bd0cc2b3-b786-448d-be5e-b7b54491caaf)
2024-11-15 15:21:19,407 home-harshit-frappe-bench:default: Job OK (gosiru::bd0cc2b3-b786-448d-be5e-b7b54491caaf)
2024-11-15 15:21:19,407 Result is kept for 600 seconds
2024-11-15 15:21:19,480 home-harshit-frappe-bench:default: frappe.utils.background_jobs.execute_job(event=None, is_async=True, job_name='frappe.core.doctype.user.user.create_contact', kwargs={'user': <User: harshit@gosiru.com>, 'ignore_mandatory': True}, method='frappe.core.doctype.user.user.create_contact', site='gosiru', user='harshitpadha@gosiru.com') (gosiru::c1746d43-b8eb-49fe-8ee8-34d3b48bb28c)
2024-11-15 15:21:20,188 home-harshit-frappe-bench:default: Job OK (gosiru::c1746d43-b8eb-49fe-8ee8-34d3b48bb28c)
2024-11-15 15:21:20,188 Result is kept for 600 seconds
2024-11-15 15:21:20,199 home-harshit-frappe-bench:default: frappe.utils.background_jobs.execute_job(event=None, is_async=True, job_name='frappe.core.doctype.user.user.update_gravatar', kwargs={'name': 'harshit@gosiru.com'}, method='frappe.core.doctype.user.user.update_gravatar', site='gosiru', user='harshitpadha@gosiru.com') (gosiru::0f66a8cb-37c8-415a-b70a-43666c35429b)
2024-11-15 15:21:20,416 home-harshit-frappe-bench:default: Job OK (gosiru::0f66a8cb-37c8-415a-b70a-43666c35429b)
2024-11-15 15:21:20,416 Result is kept for 600 seconds
2024-11-15 15:21:20,516 home-harshit-frappe-bench:default: frappe.utils.background_jobs.execute_job(event=None, is_async=True, job_name='frappe.core.doctype.user.user.create_contact', kwargs={'user': <User: harshit@gosiru.com>, 'ignore_mandatory': True}, method='frappe.core.doctype.user.user.create_contact', site='gosiru', user='harshitpadha@gosiru.com') (gosiru::98693038-eda7-4a04-87ce-abcf6a037c22)
2024-11-15 15:21:21,122 home-harshit-frappe-bench:default: Job OK (gosiru::98693038-eda7-4a04-87ce-abcf6a037c22)
2024-11-15 15:21:21,122 Result is kept for 600 seconds
2024-11-15 15:21:21,132 home-harshit-frappe-bench:default: frappe.utils.background_jobs.execute_job(event=None, is_async=True, job_name='frappe.core.doctype.user.user.update_gravatar', kwargs={'name': 'harshit@gosiru.com'}, method='frappe.core.doctype.user.user.update_gravatar', site='gosiru', user='harshitpadha@gosiru.com') (gosiru::179442b6-890f-4059-95b8-21270891afd9)
2024-11-15 15:21:21,349 home-harshit-frappe-bench:default: Job OK (gosiru::179442b6-890f-4059-95b8-21270891afd9)
2024-11-15 15:21:21,350 Result is kept for 600 seconds
2024-11-15 15:21:22,869 home-harshit-frappe-bench:default: frappe.utils.background_jobs.execute_job(event=None, is_async=True, job_name='frappe.core.doctype.user.user.create_contact', kwargs={'user': <User: harshit@gosiru.com>, 'ignore_mandatory': True}, method='frappe.core.doctype.user.user.create_contact', site='gosiru', user='harshitpadha@gosiru.com') (gosiru::d13ebd1a-d559-4517-9104-a6f392c99db5)
2024-11-15 15:21:23,415 home-harshit-frappe-bench:default: Job OK (gosiru::d13ebd1a-d559-4517-9104-a6f392c99db5)
2024-11-15 15:21:23,416 Result is kept for 600 seconds
2024-11-15 15:21:23,425 home-harshit-frappe-bench:default: frappe.utils.background_jobs.execute_job(event=None, is_async=True, job_name='frappe.core.doctype.user.user.update_gravatar', kwargs={'name': 'harshit@gosiru.com'}, method='frappe.core.doctype.user.user.update_gravatar', site='gosiru', user='harshitpadha@gosiru.com') (gosiru::ff1ab24f-55b7-44ff-b7fb-b404d0952209)
2024-11-15 15:21:23,638 home-harshit-frappe-bench:default: Job OK (gosiru::ff1ab24f-55b7-44ff-b7fb-b404d0952209)
2024-11-15 15:21:23,639 Result is kept for 600 seconds
2024-11-15 15:21:24,810 home-harshit-frappe-bench:default: frappe.utils.background_jobs.execute_job(event=None, is_async=True, job_name='frappe.core.doctype.user.user.create_contact', kwargs={'user': <User: harshit@gosiru.com>, 'ignore_mandatory': True}, method='frappe.core.doctype.user.user.create_contact', site='gosiru', user='harshitpadha@gosiru.com') (gosiru::32f8a08c-18b8-4cde-9bec-54c75e4d15ad)
2024-11-15 15:21:25,458 home-harshit-frappe-bench:default: Job OK (gosiru::32f8a08c-18b8-4cde-9bec-54c75e4d15ad)
2024-11-15 15:21:25,459 Result is kept for 600 seconds
2024-11-15 15:21:25,468 home-harshit-frappe-bench:default: frappe.utils.background_jobs.execute_job(event=None, is_async=True, job_name='frappe.core.doctype.user.user.update_gravatar', kwargs={'name': 'harshit@gosiru.com'}, method='frappe.core.doctype.user.user.update_gravatar', site='gosiru', user='harshitpadha@gosiru.com') (gosiru::8800face-bf7e-4c59-8b70-09fd7a931e01)
2024-11-15 15:21:25,695 home-harshit-frappe-bench:default: Job OK (gosiru::8800face-bf7e-4c59-8b70-09fd7a931e01)
2024-11-15 15:21:25,695 Result is kept for 600 seconds
2024-11-15 15:21:25,821 home-harshit-frappe-bench:default: frappe.utils.background_jobs.execute_job(event=None, is_async=True, job_name='frappe.core.doctype.user.user.create_contact', kwargs={'user': <User: harshit@gosiru.com>, 'ignore_mandatory': True}, method='frappe.core.doctype.user.user.create_contact', site='gosiru', user='harshitpadha@gosiru.com') (gosiru::bccde0c5-1a6a-43b6-81ec-7d2bee574cc2)
2024-11-15 15:21:26,553 home-harshit-frappe-bench:default: Job OK (gosiru::bccde0c5-1a6a-43b6-81ec-7d2bee574cc2)
2024-11-15 15:21:26,553 Result is kept for 600 seconds
2024-11-15 15:21:26,563 home-harshit-frappe-bench:default: frappe.utils.background_jobs.execute_job(event=None, is_async=True, job_name='frappe.core.doctype.user.user.update_gravatar', kwargs={'name': 'harshit@gosiru.com'}, method='frappe.core.doctype.user.user.update_gravatar', site='gosiru', user='harshitpadha@gosiru.com') (gosiru::9ef47bf1-2a5f-4645-aabc-224c8da58257)
2024-11-15 15:21:26,799 home-harshit-frappe-bench:default: Job OK (gosiru::9ef47bf1-2a5f-4645-aabc-224c8da58257)
2024-11-15 15:21:26,800 Result is kept for 600 seconds
2024-11-15 15:21:26,847 home-harshit-frappe-bench:default: frappe.utils.background_jobs.execute_job(event=None, is_async=True, job_name='frappe.core.doctype.user.user.create_contact', kwargs={'user': <User: harshit@gosiru.com>, 'ignore_mandatory': True}, method='frappe.core.doctype.user.user.create_contact', site='gosiru', user='harshitpadha@gosiru.com') (gosiru::e4129a52-1766-45e9-9f2f-28e7f081ef91)
2024-11-15 15:21:27,531 home-harshit-frappe-bench:default: Job OK (gosiru::e4129a52-1766-45e9-9f2f-28e7f081ef91)
2024-11-15 15:21:27,531 Result is kept for 600 seconds
2024-11-15 15:21:27,541 home-harshit-frappe-bench:default: frappe.utils.background_jobs.execute_job(event=None, is_async=True, job_name='frappe.core.doctype.user.user.update_gravatar', kwargs={'name': 'harshit@gosiru.com'}, method='frappe.core.doctype.user.user.update_gravatar', site='gosiru', user='harshitpadha@gosiru.com') (gosiru::e646a328-6a92-4741-a22d-e4731e8b9c77)
2024-11-15 15:21:27,761 home-harshit-frappe-bench:default: Job OK (gosiru::e646a328-6a92-4741-a22d-e4731e8b9c77)
2024-11-15 15:21:27,761 Result is kept for 600 seconds
2024-11-15 15:21:27,874 home-harshit-frappe-bench:default: frappe.utils.background_jobs.execute_job(event=None, is_async=True, job_name='frappe.core.doctype.user.user.create_contact', kwargs={'user': <User: harshit@gosiru.com>, 'ignore_mandatory': True}, method='frappe.core.doctype.user.user.create_contact', site='gosiru', user='harshitpadha@gosiru.com') (gosiru::f8c56b68-a6f4-45cc-8704-6159e542c27e)
2024-11-15 15:21:28,799 home-harshit-frappe-bench:default: Job OK (gosiru::f8c56b68-a6f4-45cc-8704-6159e542c27e)
2024-11-15 15:21:28,799 Result is kept for 600 seconds
2024-11-15 15:21:28,809 home-harshit-frappe-bench:default: frappe.utils.background_jobs.execute_job(event=None, is_async=True, job_name='frappe.core.doctype.user.user.update_gravatar', kwargs={'name': 'harshit@gosiru.com'}, method='frappe.core.doctype.user.user.update_gravatar', site='gosiru', user='harshitpadha@gosiru.com') (gosiru::39e38087-6442-4484-a8ca-b08feec705b2)
2024-11-15 15:21:29,031 home-harshit-frappe-bench:default: Job OK (gosiru::39e38087-6442-4484-a8ca-b08feec705b2)
2024-11-15 15:21:29,032 Result is kept for 600 seconds
2024-11-15 15:21:29,043 home-harshit-frappe-bench:default: frappe.utils.background_jobs.execute_job(event=None, is_async=True, job_name='frappe.core.doctype.user.user.create_contact', kwargs={'user': <User: harshit@gosiru.com>, 'ignore_mandatory': True}, method='frappe.core.doctype.user.user.create_contact', site='gosiru', user='harshitpadha@gosiru.com') (gosiru::eeacb1f4-6321-4873-9768-60f3c2989ea6)
2024-11-15 15:21:29,844 home-harshit-frappe-bench:default: Job OK (gosiru::eeacb1f4-6321-4873-9768-60f3c2989ea6)
2024-11-15 15:21:29,844 Result is kept for 600 seconds
2024-11-15 15:21:29,863 home-harshit-frappe-bench:default: frappe.utils.background_jobs.execute_job(event=None, is_async=True, job_name='frappe.core.doctype.user.user.update_gravatar', kwargs={'name': 'harshit@gosiru.com'}, method='frappe.core.doctype.user.user.update_gravatar', site='gosiru', user='harshitpadha@gosiru.com') (gosiru::a8d085d7-09f3-4eaf-ac26-a9b9d5ba5d26)
2024-11-15 15:21:30,186 home-harshit-frappe-bench:default: Job OK (gosiru::a8d085d7-09f3-4eaf-ac26-a9b9d5ba5d26)
2024-11-15 15:21:30,186 Result is kept for 600 seconds
2024-11-15 15:21:30,197 home-harshit-frappe-bench:default: frappe.utils.background_jobs.execute_job(event=None, is_async=True, job_name='frappe.core.doctype.user.user.create_contact', kwargs={'user': <User: harshit@gosiru.com>, 'ignore_mandatory': True}, method='frappe.core.doctype.user.user.create_contact', site='gosiru', user='harshitpadha@gosiru.com') (gosiru::3044e3c4-ba9e-4506-8783-e20fff9b75a4)
2024-11-15 15:21:30,956 home-harshit-frappe-bench:default: Job OK (gosiru::3044e3c4-ba9e-4506-8783-e20fff9b75a4)
2024-11-15 15:21:30,957 Result is kept for 600 seconds
2024-11-15 15:21:30,968 home-harshit-frappe-bench:default: frappe.utils.background_jobs.execute_job(event=None, is_async=True, job_name='frappe.core.doctype.user.user.update_gravatar', kwargs={'name': 'harshit@gosiru.com'}, method='frappe.core.doctype.user.user.update_gravatar', site='gosiru', user='harshitpadha@gosiru.com') (gosiru::a97e5838-ca70-42e5-bd19-da01755eb8ea)
2024-11-15 15:21:31,287 home-harshit-frappe-bench:default: Job OK (gosiru::a97e5838-ca70-42e5-bd19-da01755eb8ea)
2024-11-15 15:21:31,287 Result is kept for 600 seconds
2024-11-15 15:21:31,295 home-harshit-frappe-bench:default: frappe.utils.background_jobs.execute_job(event=None, is_async=True, job_name='frappe.core.doctype.user.user.create_contact', kwargs={'user': <User: harshit@gosiru.com>, 'ignore_mandatory': True}, method='frappe.core.doctype.user.user.create_contact', site='gosiru', user='harshitpadha@gosiru.com') (gosiru::24349014-153a-44d5-b74b-c7f2f1d7c1aa)
2024-11-15 15:21:32,019 home-harshit-frappe-bench:default: Job OK (gosiru::24349014-153a-44d5-b74b-c7f2f1d7c1aa)
2024-11-15 15:21:32,020 Result is kept for 600 seconds
2024-11-15 15:21:32,030 home-harshit-frappe-bench:default: frappe.utils.background_jobs.execute_job(event=None, is_async=True, job_name='frappe.core.doctype.user.user.update_gravatar', kwargs={'name': 'harshit@gosiru.com'}, method='frappe.core.doctype.user.user.update_gravatar', site='gosiru', user='harshitpadha@gosiru.com') (gosiru::13107f52-f1b4-43d7-add4-3f58d5409956)
2024-11-15 15:21:32,271 home-harshit-frappe-bench:default: Job OK (gosiru::13107f52-f1b4-43d7-add4-3f58d5409956)
2024-11-15 15:21:32,271 Result is kept for 600 seconds
2024-11-15 15:21:32,279 home-harshit-frappe-bench:default: frappe.utils.background_jobs.execute_job(event=None, is_async=True, job_name='frappe.core.doctype.user.user.create_contact', kwargs={'user': <User: harshit@gosiru.com>, 'ignore_mandatory': True}, method='frappe.core.doctype.user.user.create_contact', site='gosiru', user='harshitpadha@gosiru.com') (gosiru::1ca5f0bf-9cc1-43b2-8631-b246329a3924)
2024-11-15 15:21:33,089 home-harshit-frappe-bench:default: Job OK (gosiru::1ca5f0bf-9cc1-43b2-8631-b246329a3924)
2024-11-15 15:21:33,090 Result is kept for 600 seconds
2024-11-15 15:21:33,100 home-harshit-frappe-bench:default: frappe.utils.background_jobs.execute_job(event=None, is_async=True, job_name='frappe.core.doctype.user.user.update_gravatar', kwargs={'name': 'harshit@gosiru.com'}, method='frappe.core.doctype.user.user.update_gravatar', site='gosiru', user='harshitpadha@gosiru.com') (gosiru::e57b25f5-61ae-4266-9ce6-100b20557c35)
2024-11-15 15:21:33,322 home-harshit-frappe-bench:default: Job OK (gosiru::e57b25f5-61ae-4266-9ce6-100b20557c35)
2024-11-15 15:21:33,322 Result is kept for 600 seconds
2024-11-15 15:21:33,331 home-harshit-frappe-bench:default: frappe.utils.background_jobs.execute_job(event=None, is_async=True, job_name='frappe.core.doctype.user.user.create_contact', kwargs={'user': <User: harshit@gosiru.com>, 'ignore_mandatory': True}, method='frappe.core.doctype.user.user.create_contact', site='gosiru', user='harshitpadha@gosiru.com') (gosiru::fed33ba8-7a59-4c5a-9033-68d80d5d1123)
2024-11-15 15:21:34,188 home-harshit-frappe-bench:default: Job OK (gosiru::fed33ba8-7a59-4c5a-9033-68d80d5d1123)
2024-11-15 15:21:34,188 Result is kept for 600 seconds
2024-11-15 15:21:34,201 home-harshit-frappe-bench:default: frappe.utils.background_jobs.execute_job(event=None, is_async=True, job_name='frappe.core.doctype.user.user.update_gravatar', kwargs={'name': 'harshit@gosiru.com'}, method='frappe.core.doctype.user.user.update_gravatar', site='gosiru', user='harshitpadha@gosiru.com') (gosiru::ccf22234-30aa-4148-a494-e84dcc3fd415)
2024-11-15 15:21:34,431 home-harshit-frappe-bench:default: Job OK (gosiru::ccf22234-30aa-4148-a494-e84dcc3fd415)
2024-11-15 15:21:34,432 Result is kept for 600 seconds
2024-11-15 15:21:34,440 home-harshit-frappe-bench:default: frappe.utils.background_jobs.execute_job(event=None, is_async=True, job_name='frappe.core.doctype.user.user.create_contact', kwargs={'user': <User: harshit@gosiru.com>, 'ignore_mandatory': True}, method='frappe.core.doctype.user.user.create_contact', site='gosiru', user='harshitpadha@gosiru.com') (gosiru::c8d336ed-d2b7-470c-904f-82353938dda2)
2024-11-15 15:21:35,126 home-harshit-frappe-bench:default: Job OK (gosiru::c8d336ed-d2b7-470c-904f-82353938dda2)
2024-11-15 15:21:35,126 Result is kept for 600 seconds
2024-11-15 15:21:35,138 home-harshit-frappe-bench:default: frappe.utils.background_jobs.execute_job(event=None, is_async=True, job_name='frappe.core.doctype.user.user.update_gravatar', kwargs={'name': 'harshit@gosiru.com'}, method='frappe.core.doctype.user.user.update_gravatar', site='gosiru', user='harshitpadha@gosiru.com') (gosiru::94dcc557-1a52-4585-a8d2-cc6dc9c9cdb9)
2024-11-15 15:21:35,476 home-harshit-frappe-bench:default: Job OK (gosiru::94dcc557-1a52-4585-a8d2-cc6dc9c9cdb9)
2024-11-15 15:21:35,476 Result is kept for 600 seconds
2024-11-15 15:21:35,484 home-harshit-frappe-bench:default: frappe.utils.background_jobs.execute_job(event=None, is_async=True, job_name='frappe.core.doctype.user.user.create_contact', kwargs={'user': <User: harshit@gosiru.com>, 'ignore_mandatory': True}, method='frappe.core.doctype.user.user.create_contact', site='gosiru', user='harshitpadha@gosiru.com') (gosiru::90dcd32e-429b-4e43-8890-40de2136b011)
2024-11-15 15:21:36,113 home-harshit-frappe-bench:default: Job OK (gosiru::90dcd32e-429b-4e43-8890-40de2136b011)
2024-11-15 15:21:36,113 Result is kept for 600 seconds
2024-11-15 15:21:36,123 home-harshit-frappe-bench:default: frappe.utils.background_jobs.execute_job(event=None, is_async=True, job_name='frappe.core.doctype.user.user.update_gravatar', kwargs={'name': 'harshit@gosiru.com'}, method='frappe.core.doctype.user.user.update_gravatar', site='gosiru', user='harshitpadha@gosiru.com') (gosiru::036a720e-c96f-4398-ab95-b82a622b8fef)
2024-11-15 15:21:36,358 home-harshit-frappe-bench:default: Job OK (gosiru::036a720e-c96f-4398-ab95-b82a622b8fef)
2024-11-15 15:21:36,359 Result is kept for 600 seconds
2024-11-15 15:21:36,405 home-harshit-frappe-bench:default: frappe.utils.background_jobs.execute_job(event=None, is_async=True, job_name='frappe.core.doctype.user.user.create_contact', kwargs={'user': <User: harshit@gosiru.com>, 'ignore_mandatory': True}, method='frappe.core.doctype.user.user.create_contact', site='gosiru', user='harshitpadha@gosiru.com') (gosiru::00965a8b-434d-4167-b194-fc78afe38106)
2024-11-15 15:21:37,228 home-harshit-frappe-bench:default: Job OK (gosiru::00965a8b-434d-4167-b194-fc78afe38106)
2024-11-15 15:21:37,228 Result is kept for 600 seconds
2024-11-15 15:21:37,237 home-harshit-frappe-bench:default: frappe.utils.background_jobs.execute_job(event=None, is_async=True, job_name='frappe.core.doctype.user.user.update_gravatar', kwargs={'name': 'harshit@gosiru.com'}, method='frappe.core.doctype.user.user.update_gravatar', site='gosiru', user='harshitpadha@gosiru.com') (gosiru::0dc4f1b2-e482-4cc8-a0b7-889da0c9dac0)
2024-11-15 15:21:37,479 home-harshit-frappe-bench:default: Job OK (gosiru::0dc4f1b2-e482-4cc8-a0b7-889da0c9dac0)
2024-11-15 15:21:37,479 Result is kept for 600 seconds
2024-11-15 15:21:37,487 home-harshit-frappe-bench:default: frappe.utils.background_jobs.execute_job(event=None, is_async=True, job_name='frappe.core.doctype.user.user.create_contact', kwargs={'user': <User: harshit@gosiru.com>, 'ignore_mandatory': True}, method='frappe.core.doctype.user.user.create_contact', site='gosiru', user='harshitpadha@gosiru.com') (gosiru::e53465b4-4213-4a11-8778-ca81244c1368)
2024-11-15 15:21:38,283 home-harshit-frappe-bench:default: Job OK (gosiru::e53465b4-4213-4a11-8778-ca81244c1368)
2024-11-15 15:21:38,283 Result is kept for 600 seconds
2024-11-15 15:21:38,297 home-harshit-frappe-bench:default: frappe.utils.background_jobs.execute_job(event=None, is_async=True, job_name='frappe.core.doctype.user.user.update_gravatar', kwargs={'name': 'harshit@gosiru.com'}, method='frappe.core.doctype.user.user.update_gravatar', site='gosiru', user='harshitpadha@gosiru.com') (gosiru::d0f81484-4121-459e-b649-2cddfb677458)
2024-11-15 15:21:38,513 home-harshit-frappe-bench:default: Job OK (gosiru::d0f81484-4121-459e-b649-2cddfb677458)
2024-11-15 15:21:38,513 Result is kept for 600 seconds
2024-11-15 15:21:38,565 home-harshit-frappe-bench:default: frappe.utils.background_jobs.execute_job(event=None, is_async=True, job_name='frappe.core.doctype.user.user.create_contact', kwargs={'user': <User: harshit@gosiru.com>, 'ignore_mandatory': True}, method='frappe.core.doctype.user.user.create_contact', site='gosiru', user='harshitpadha@gosiru.com') (gosiru::b6015bea-5458-4e94-b277-75845c5e9002)
2024-11-15 15:21:39,194 home-harshit-frappe-bench:default: Job OK (gosiru::b6015bea-5458-4e94-b277-75845c5e9002)
2024-11-15 15:21:39,194 Result is kept for 600 seconds
2024-11-15 15:21:39,207 home-harshit-frappe-bench:default: frappe.utils.background_jobs.execute_job(event=None, is_async=True, job_name='frappe.core.doctype.user.user.update_gravatar', kwargs={'name': 'harshit@gosiru.com'}, method='frappe.core.doctype.user.user.update_gravatar', site='gosiru', user='harshitpadha@gosiru.com') (gosiru::52de57ee-0ddd-4750-9d2f-37a8e614111b)
2024-11-15 15:21:39,564 home-harshit-frappe-bench:default: Job OK (gosiru::52de57ee-0ddd-4750-9d2f-37a8e614111b)
2024-11-15 15:21:39,564 Result is kept for 600 seconds
2024-11-15 15:21:39,570 home-harshit-frappe-bench:default: frappe.utils.background_jobs.execute_job(event=None, is_async=True, job_name='frappe.core.doctype.user.user.create_contact', kwargs={'user': <User: harshit@gosiru.com>, 'ignore_mandatory': True}, method='frappe.core.doctype.user.user.create_contact', site='gosiru', user='harshitpadha@gosiru.com') (gosiru::dec98ee0-ea8e-4b73-bfe5-ffd2cd911892)
2024-11-15 15:21:40,083 home-harshit-frappe-bench:default: Job OK (gosiru::dec98ee0-ea8e-4b73-bfe5-ffd2cd911892)
2024-11-15 15:21:40,083 Result is kept for 600 seconds
2024-11-15 15:21:40,093 home-harshit-frappe-bench:default: frappe.utils.background_jobs.execute_job(event=None, is_async=True, job_name='frappe.core.doctype.user.user.update_gravatar', kwargs={'name': 'harshit@gosiru.com'}, method='frappe.core.doctype.user.user.update_gravatar', site='gosiru', user='harshitpadha@gosiru.com') (gosiru::01f65f2d-f0a2-4ce8-a64c-e7a2ec838d59)
2024-11-15 15:21:40,351 home-harshit-frappe-bench:default: Job OK (gosiru::01f65f2d-f0a2-4ce8-a64c-e7a2ec838d59)
2024-11-15 15:21:40,351 Result is kept for 600 seconds
2024-11-15 15:21:41,200 home-harshit-frappe-bench:default: frappe.utils.background_jobs.execute_job(event=None, is_async=True, job_name='frappe.core.doctype.user.user.create_contact', kwargs={'user': <User: harshit@gosiru.com>, 'ignore_mandatory': True}, method='frappe.core.doctype.user.user.create_contact', site='gosiru', user='harshitpadha@gosiru.com') (gosiru::2513959f-0442-4a17-8442-37401e6feb93)
2024-11-15 15:21:41,916 home-harshit-frappe-bench:default: Job OK (gosiru::2513959f-0442-4a17-8442-37401e6feb93)
2024-11-15 15:21:41,916 Result is kept for 600 seconds
2024-11-15 15:21:41,926 home-harshit-frappe-bench:default: frappe.utils.background_jobs.execute_job(event=None, is_async=True, job_name='frappe.core.doctype.user.user.update_gravatar', kwargs={'name': 'harshit@gosiru.com'}, method='frappe.core.doctype.user.user.update_gravatar', site='gosiru', user='harshitpadha@gosiru.com') (gosiru::15d50fa7-c79f-4a06-8469-721a804ec3e6)
2024-11-15 15:21:42,144 home-harshit-frappe-bench:default: Job OK (gosiru::15d50fa7-c79f-4a06-8469-721a804ec3e6)
2024-11-15 15:21:42,144 Result is kept for 600 seconds
2024-11-15 15:21:42,343 home-harshit-frappe-bench:default: frappe.utils.background_jobs.execute_job(event=None, is_async=True, job_name='frappe.core.doctype.user.user.create_contact', kwargs={'user': <User: harshit@gosiru.com>, 'ignore_mandatory': True}, method='frappe.core.doctype.user.user.create_contact', site='gosiru', user='harshitpadha@gosiru.com') (gosiru::e8daa88d-bdbf-41b6-aeaa-e0794809d616)
2024-11-15 15:21:42,909 home-harshit-frappe-bench:default: Job OK (gosiru::e8daa88d-bdbf-41b6-aeaa-e0794809d616)
2024-11-15 15:21:42,910 Result is kept for 600 seconds
2024-11-15 15:21:42,922 home-harshit-frappe-bench:default: frappe.utils.background_jobs.execute_job(event=None, is_async=True, job_name='frappe.core.doctype.user.user.update_gravatar', kwargs={'name': 'harshit@gosiru.com'}, method='frappe.core.doctype.user.user.update_gravatar', site='gosiru', user='harshitpadha@gosiru.com') (gosiru::dd751e13-66a6-405d-9775-873e3c69981e)
2024-11-15 15:21:43,164 home-harshit-frappe-bench:default: Job OK (gosiru::dd751e13-66a6-405d-9775-873e3c69981e)
2024-11-15 15:21:43,164 Result is kept for 600 seconds
2024-11-15 15:21:43,856 home-harshit-frappe-bench:default: frappe.utils.background_jobs.execute_job(event=None, is_async=True, job_name='frappe.core.doctype.user.user.create_contact', kwargs={'user': <User: harshit@gosiru.com>, 'ignore_mandatory': True}, method='frappe.core.doctype.user.user.create_contact', site='gosiru', user='harshitpadha@gosiru.com') (gosiru::a331dce7-a4d1-4725-b87b-562f2772b05a)
2024-11-15 15:21:44,605 home-harshit-frappe-bench:default: Job OK (gosiru::a331dce7-a4d1-4725-b87b-562f2772b05a)
2024-11-15 15:21:44,605 Result is kept for 600 seconds
2024-11-15 15:21:44,616 home-harshit-frappe-bench:default: frappe.utils.background_jobs.execute_job(event=None, is_async=True, job_name='frappe.core.doctype.user.user.update_gravatar', kwargs={'name': 'harshit@gosiru.com'}, method='frappe.core.doctype.user.user.update_gravatar', site='gosiru', user='harshitpadha@gosiru.com') (gosiru::4f7c5cd9-1222-4e36-8bf6-f5959f1571b5)
2024-11-15 15:21:44,868 home-harshit-frappe-bench:default: Job OK (gosiru::4f7c5cd9-1222-4e36-8bf6-f5959f1571b5)
2024-11-15 15:21:44,868 Result is kept for 600 seconds
2024-11-15 15:21:44,944 home-harshit-frappe-bench:default: frappe.utils.background_jobs.execute_job(event=None, is_async=True, job_name='frappe.core.doctype.user.user.create_contact', kwargs={'user': <User: harshit@gosiru.com>, 'ignore_mandatory': True}, method='frappe.core.doctype.user.user.create_contact', site='gosiru', user='harshitpadha@gosiru.com') (gosiru::baa90efa-3960-448f-8314-8a6a61022001)
2024-11-15 15:21:45,664 home-harshit-frappe-bench:default: Job OK (gosiru::baa90efa-3960-448f-8314-8a6a61022001)
2024-11-15 15:21:45,664 Result is kept for 600 seconds
2024-11-15 15:21:45,675 home-harshit-frappe-bench:default: frappe.utils.background_jobs.execute_job(event=None, is_async=True, job_name='frappe.core.doctype.user.user.update_gravatar', kwargs={'name': 'harshit@gosiru.com'}, method='frappe.core.doctype.user.user.update_gravatar', site='gosiru', user='harshitpadha@gosiru.com') (gosiru::0d28a01d-597d-4797-b0a4-628069181333)
2024-11-15 15:21:45,918 home-harshit-frappe-bench:default: Job OK (gosiru::0d28a01d-597d-4797-b0a4-628069181333)
2024-11-15 15:21:45,918 Result is kept for 600 seconds
2024-11-15 15:21:45,951 home-harshit-frappe-bench:default: frappe.utils.background_jobs.execute_job(event=None, is_async=True, job_name='frappe.core.doctype.user.user.create_contact', kwargs={'user': <User: harshit@gosiru.com>, 'ignore_mandatory': True}, method='frappe.core.doctype.user.user.create_contact', site='gosiru', user='harshitpadha@gosiru.com') (gosiru::856be20d-6b15-4497-8c68-a333956d387b)
2024-11-15 15:21:46,730 home-harshit-frappe-bench:default: Job OK (gosiru::856be20d-6b15-4497-8c68-a333956d387b)
2024-11-15 15:21:46,731 Result is kept for 600 seconds
2024-11-15 15:21:46,742 home-harshit-frappe-bench:default: frappe.utils.background_jobs.execute_job(event=None, is_async=True, job_name='frappe.core.doctype.user.user.update_gravatar', kwargs={'name': 'harshit@gosiru.com'}, method='frappe.core.doctype.user.user.update_gravatar', site='gosiru', user='harshitpadha@gosiru.com') (gosiru::12568536-7b4a-4699-b7a6-7cc299b20290)
2024-11-15 15:21:47,008 home-harshit-frappe-bench:default: Job OK (gosiru::12568536-7b4a-4699-b7a6-7cc299b20290)
2024-11-15 15:21:47,008 Result is kept for 600 seconds
2024-11-15 15:21:47,116 home-harshit-frappe-bench:default: frappe.utils.background_jobs.execute_job(event=None, is_async=True, job_name='frappe.core.doctype.user.user.create_contact', kwargs={'user': <User: harshit@gosiru.com>, 'ignore_mandatory': True}, method='frappe.core.doctype.user.user.create_contact', site='gosiru', user='harshitpadha@gosiru.com') (gosiru::4f133093-f8e0-4866-ac5f-6e46bf120fa6)
2024-11-15 15:21:47,661 home-harshit-frappe-bench:default: Job OK (gosiru::4f133093-f8e0-4866-ac5f-6e46bf120fa6)
2024-11-15 15:21:47,661 Result is kept for 600 seconds
2024-11-15 15:21:47,671 home-harshit-frappe-bench:default: frappe.utils.background_jobs.execute_job(event=None, is_async=True, job_name='frappe.core.doctype.user.user.update_gravatar', kwargs={'name': 'harshit@gosiru.com'}, method='frappe.core.doctype.user.user.update_gravatar', site='gosiru', user='harshitpadha@gosiru.com') (gosiru::589fe815-5401-4b79-b0ab-b9474a5f8d62)
2024-11-15 15:21:47,885 home-harshit-frappe-bench:default: Job OK (gosiru::589fe815-5401-4b79-b0ab-b9474a5f8d62)
2024-11-15 15:21:47,886 Result is kept for 600 seconds
2024-11-15 15:21:50,818 home-harshit-frappe-bench:default: frappe.utils.background_jobs.execute_job(event=None, is_async=True, job_name='frappe.core.doctype.user.user.create_contact', kwargs={'user': <User: harshit@gosiru.com>, 'ignore_mandatory': True}, method='frappe.core.doctype.user.user.create_contact', site='gosiru', user='harshitpadha@gosiru.com') (gosiru::67652b77-60d2-4281-bb31-04c2f8bce816)
2024-11-15 15:21:51,389 home-harshit-frappe-bench:default: Job OK (gosiru::67652b77-60d2-4281-bb31-04c2f8bce816)
2024-11-15 15:21:51,390 Result is kept for 600 seconds
2024-11-15 15:21:51,400 home-harshit-frappe-bench:default: frappe.utils.background_jobs.execute_job(event=None, is_async=True, job_name='frappe.core.doctype.user.user.update_gravatar', kwargs={'name': 'harshit@gosiru.com'}, method='frappe.core.doctype.user.user.update_gravatar', site='gosiru', user='harshitpadha@gosiru.com') (gosiru::ce58f5b9-d12f-4082-80be-32be47c5eb17)
2024-11-15 15:21:51,620 home-harshit-frappe-bench:default: Job OK (gosiru::ce58f5b9-d12f-4082-80be-32be47c5eb17)
2024-11-15 15:21:51,620 Result is kept for 600 seconds
2024-11-15 15:21:54,125 home-harshit-frappe-bench:default: frappe.utils.background_jobs.execute_job(event=None, is_async=True, job_name='frappe.core.doctype.user.user.create_contact', kwargs={'user': <User: harshit@gosiru.com>, 'ignore_mandatory': True}, method='frappe.core.doctype.user.user.create_contact', site='gosiru', user='harshitpadha@gosiru.com') (gosiru::dde3e870-4051-4273-9a85-067b03cd00d0)
2024-11-15 15:21:54,989 home-harshit-frappe-bench:default: Job OK (gosiru::dde3e870-4051-4273-9a85-067b03cd00d0)
2024-11-15 15:21:54,989 Result is kept for 600 seconds
2024-11-15 15:21:55,006 home-harshit-frappe-bench:default: frappe.utils.background_jobs.execute_job(event=None, is_async=True, job_name='frappe.core.doctype.user.user.update_gravatar', kwargs={'name': 'harshit@gosiru.com'}, method='frappe.core.doctype.user.user.update_gravatar', site='gosiru', user='harshitpadha@gosiru.com') (gosiru::aa511e9d-8a4a-42fe-acb8-55c9e59bfd39)
2024-11-15 15:21:55,258 home-harshit-frappe-bench:default: Job OK (gosiru::aa511e9d-8a4a-42fe-acb8-55c9e59bfd39)
2024-11-15 15:21:55,258 Result is kept for 600 seconds
2024-11-15 15:21:55,330 home-harshit-frappe-bench:default: frappe.utils.background_jobs.execute_job(event=None, is_async=True, job_name='frappe.core.doctype.user.user.create_contact', kwargs={'user': <User: harshit@gosiru.com>, 'ignore_mandatory': True}, method='frappe.core.doctype.user.user.create_contact', site='gosiru', user='harshitpadha@gosiru.com') (gosiru::53155abe-6d0b-4f76-af62-753193622895)
2024-11-15 15:21:55,855 home-harshit-frappe-bench:default: Job OK (gosiru::53155abe-6d0b-4f76-af62-753193622895)
2024-11-15 15:21:55,855 Result is kept for 600 seconds
2024-11-15 15:21:55,864 home-harshit-frappe-bench:default: frappe.utils.background_jobs.execute_job(event=None, is_async=True, job_name='frappe.core.doctype.user.user.update_gravatar', kwargs={'name': 'harshit@gosiru.com'}, method='frappe.core.doctype.user.user.update_gravatar', site='gosiru', user='harshitpadha@gosiru.com') (gosiru::d9c212ee-209e-41cd-a28a-15e94587e506)
2024-11-15 15:21:56,073 home-harshit-frappe-bench:default: Job OK (gosiru::d9c212ee-209e-41cd-a28a-15e94587e506)
2024-11-15 15:21:56,074 Result is kept for 600 seconds
2024-11-15 15:21:58,491 home-harshit-frappe-bench:default: frappe.utils.background_jobs.execute_job(event=None, is_async=True, job_name='frappe.core.doctype.user.user.create_contact', kwargs={'user': <User: harshit@gosiru.com>, 'ignore_mandatory': True}, method='frappe.core.doctype.user.user.create_contact', site='gosiru', user='harshitpadha@gosiru.com') (gosiru::734c974d-2498-4a93-98c5-af11d6eba1d6)
2024-11-15 15:21:59,035 home-harshit-frappe-bench:default: Job OK (gosiru::734c974d-2498-4a93-98c5-af11d6eba1d6)
2024-11-15 15:21:59,035 Result is kept for 600 seconds
2024-11-15 15:21:59,045 home-harshit-frappe-bench:default: frappe.utils.background_jobs.execute_job(event=None, is_async=True, job_name='frappe.core.doctype.user.user.update_gravatar', kwargs={'name': 'harshit@gosiru.com'}, method='frappe.core.doctype.user.user.update_gravatar', site='gosiru', user='harshitpadha@gosiru.com') (gosiru::9b9c5e79-b879-4e65-95c9-74ab734d29cb)
2024-11-15 15:21:59,266 home-harshit-frappe-bench:default: Job OK (gosiru::9b9c5e79-b879-4e65-95c9-74ab734d29cb)
2024-11-15 15:21:59,266 Result is kept for 600 seconds
2024-11-15 15:22:05,235 home-harshit-frappe-bench:default: frappe.utils.background_jobs.execute_job(event=None, is_async=True, job_name='frappe.core.doctype.user.user.create_contact', kwargs={'user': <User: harshit@gosiru.com>, 'ignore_mandatory': True}, method='frappe.core.doctype.user.user.create_contact', site='gosiru', user='harshitpadha@gosiru.com') (gosiru::c8b159eb-fc61-44c0-a29e-01bac4e70f00)
2024-11-15 15:22:05,829 home-harshit-frappe-bench:default: Job OK (gosiru::c8b159eb-fc61-44c0-a29e-01bac4e70f00)
2024-11-15 15:22:05,829 Result is kept for 600 seconds
2024-11-15 15:22:05,841 home-harshit-frappe-bench:default: frappe.utils.background_jobs.execute_job(event=None, is_async=True, job_name='frappe.core.doctype.user.user.update_gravatar', kwargs={'name': 'harshit@gosiru.com'}, method='frappe.core.doctype.user.user.update_gravatar', site='gosiru', user='harshitpadha@gosiru.com') (gosiru::8b4b43d8-da21-42b6-84d4-02fb0eeb5edd)
2024-11-15 15:22:06,071 home-harshit-frappe-bench:default: Job OK (gosiru::8b4b43d8-da21-42b6-84d4-02fb0eeb5edd)
2024-11-15 15:22:06,072 Result is kept for 600 seconds
2024-11-15 15:22:07,446 home-harshit-frappe-bench:default: frappe.utils.background_jobs.execute_job(event=None, is_async=True, job_name='frappe.core.doctype.user.user.create_contact', kwargs={'user': <User: harshit@gosiru.com>, 'ignore_mandatory': True}, method='frappe.core.doctype.user.user.create_contact', site='gosiru', user='harshitpadha@gosiru.com') (gosiru::9e0a4374-d54d-44b1-aa84-34f0b5158c52)
2024-11-15 15:22:08,142 home-harshit-frappe-bench:default: Job OK (gosiru::9e0a4374-d54d-44b1-aa84-34f0b5158c52)
2024-11-15 15:22:08,142 Result is kept for 600 seconds
2024-11-15 15:22:08,153 home-harshit-frappe-bench:default: frappe.utils.background_jobs.execute_job(event=None, is_async=True, job_name='frappe.core.doctype.user.user.update_gravatar', kwargs={'name': 'harshit@gosiru.com'}, method='frappe.core.doctype.user.user.update_gravatar', site='gosiru', user='harshitpadha@gosiru.com') (gosiru::9d476a26-64d8-415f-b5aa-9f598771519c)
2024-11-15 15:22:08,385 home-harshit-frappe-bench:default: Job OK (gosiru::9d476a26-64d8-415f-b5aa-9f598771519c)
2024-11-15 15:22:08,385 Result is kept for 600 seconds
2024-11-15 15:22:08,416 home-harshit-frappe-bench:default: frappe.utils.background_jobs.execute_job(event=None, is_async=True, job_name='frappe.core.doctype.user.user.create_contact', kwargs={'user': <User: harshit@gosiru.com>, 'ignore_mandatory': True}, method='frappe.core.doctype.user.user.create_contact', site='gosiru', user='harshitpadha@gosiru.com') (gosiru::783250d7-f5c2-4374-acff-855098b4bd99)
2024-11-15 15:22:09,360 home-harshit-frappe-bench:default: Job OK (gosiru::783250d7-f5c2-4374-acff-855098b4bd99)
2024-11-15 15:22:09,360 Result is kept for 600 seconds
2024-11-15 15:22:09,369 home-harshit-frappe-bench:default: frappe.utils.background_jobs.execute_job(event=None, is_async=True, job_name='frappe.core.doctype.user.user.update_gravatar', kwargs={'name': 'harshit@gosiru.com'}, method='frappe.core.doctype.user.user.update_gravatar', site='gosiru', user='harshitpadha@gosiru.com') (gosiru::cb3af5ea-7bb3-4351-9bd3-bf488c6e462c)
2024-11-15 15:22:09,599 home-harshit-frappe-bench:default: Job OK (gosiru::cb3af5ea-7bb3-4351-9bd3-bf488c6e462c)
2024-11-15 15:22:09,599 Result is kept for 600 seconds
2024-11-15 15:22:09,612 home-harshit-frappe-bench:default: frappe.utils.background_jobs.execute_job(event=None, is_async=True, job_name='frappe.core.doctype.user.user.create_contact', kwargs={'user': <User: harshit@gosiru.com>, 'ignore_mandatory': True}, method='frappe.core.doctype.user.user.create_contact', site='gosiru', user='harshitpadha@gosiru.com') (gosiru::497b01ac-1bb0-43e6-8f72-b40f1a475214)
2024-11-15 15:22:10,165 home-harshit-frappe-bench:default: Job OK (gosiru::497b01ac-1bb0-43e6-8f72-b40f1a475214)
2024-11-15 15:22:10,165 Result is kept for 600 seconds
2024-11-15 15:22:10,176 home-harshit-frappe-bench:default: frappe.utils.background_jobs.execute_job(event=None, is_async=True, job_name='frappe.core.doctype.user.user.update_gravatar', kwargs={'name': 'harshit@gosiru.com'}, method='frappe.core.doctype.user.user.update_gravatar', site='gosiru', user='harshitpadha@gosiru.com') (gosiru::9b5d4cf9-c50d-4d94-9b94-53ab81a0e85c)
2024-11-15 15:22:10,397 home-harshit-frappe-bench:default: Job OK (gosiru::9b5d4cf9-c50d-4d94-9b94-53ab81a0e85c)
2024-11-15 15:22:10,397 Result is kept for 600 seconds
2024-11-15 15:22:10,980 home-harshit-frappe-bench:default: frappe.utils.background_jobs.execute_job(event=None, is_async=True, job_name='frappe.core.doctype.user.user.create_contact', kwargs={'user': <User: harshit@gosiru.com>, 'ignore_mandatory': True}, method='frappe.core.doctype.user.user.create_contact', site='gosiru', user='harshitpadha@gosiru.com') (gosiru::4a440be8-5709-4aa8-8619-bd6f241ae7d7)
2024-11-15 15:22:11,563 home-harshit-frappe-bench:default: Job OK (gosiru::4a440be8-5709-4aa8-8619-bd6f241ae7d7)
2024-11-15 15:22:11,563 Result is kept for 600 seconds
2024-11-15 15:22:11,573 home-harshit-frappe-bench:default: frappe.utils.background_jobs.execute_job(event=None, is_async=True, job_name='frappe.core.doctype.user.user.update_gravatar', kwargs={'name': 'harshit@gosiru.com'}, method='frappe.core.doctype.user.user.update_gravatar', site='gosiru', user='harshitpadha@gosiru.com') (gosiru::1236bbf5-9095-4cd9-980d-a4731ff13740)
2024-11-15 15:22:11,786 home-harshit-frappe-bench:default: Job OK (gosiru::1236bbf5-9095-4cd9-980d-a4731ff13740)
2024-11-15 15:22:11,787 Result is kept for 600 seconds
2024-11-15 15:22:12,722 home-harshit-frappe-bench:default: frappe.utils.background_jobs.execute_job(event=None, is_async=True, job_name='frappe.core.doctype.user.user.create_contact', kwargs={'user': <User: harshit@gosiru.com>, 'ignore_mandatory': True}, method='frappe.core.doctype.user.user.create_contact', site='gosiru', user='harshitpadha@gosiru.com') (gosiru::e45d3d9c-98c2-4b4d-a068-51e30ed15a1f)
2024-11-15 15:22:13,368 home-harshit-frappe-bench:default: Job OK (gosiru::e45d3d9c-98c2-4b4d-a068-51e30ed15a1f)
2024-11-15 15:22:13,368 Result is kept for 600 seconds
2024-11-15 15:22:13,378 home-harshit-frappe-bench:default: frappe.utils.background_jobs.execute_job(event=None, is_async=True, job_name='frappe.core.doctype.user.user.update_gravatar', kwargs={'name': 'harshit@gosiru.com'}, method='frappe.core.doctype.user.user.update_gravatar', site='gosiru', user='harshitpadha@gosiru.com') (gosiru::551f7aba-453c-47cb-bef9-61197a138f9f)
2024-11-15 15:22:13,618 home-harshit-frappe-bench:default: Job OK (gosiru::551f7aba-453c-47cb-bef9-61197a138f9f)
2024-11-15 15:22:13,618 Result is kept for 600 seconds
2024-11-15 15:22:13,669 home-harshit-frappe-bench:default: frappe.utils.background_jobs.execute_job(event=None, is_async=True, job_name='frappe.core.doctype.user.user.create_contact', kwargs={'user': <User: harshit@gosiru.com>, 'ignore_mandatory': True}, method='frappe.core.doctype.user.user.create_contact', site='gosiru', user='harshitpadha@gosiru.com') (gosiru::37e808f2-9986-43b0-87dd-a58c35acea33)
2024-11-15 15:22:14,179 home-harshit-frappe-bench:default: Job OK (gosiru::37e808f2-9986-43b0-87dd-a58c35acea33)
2024-11-15 15:22:14,179 Result is kept for 600 seconds
2024-11-15 15:22:14,188 home-harshit-frappe-bench:default: frappe.utils.background_jobs.execute_job(event=None, is_async=True, job_name='frappe.core.doctype.user.user.update_gravatar', kwargs={'name': 'harshit@gosiru.com'}, method='frappe.core.doctype.user.user.update_gravatar', site='gosiru', user='harshitpadha@gosiru.com') (gosiru::67c885a9-27ba-470f-826c-c7f9c90fa70c)
2024-11-15 15:22:14,403 home-harshit-frappe-bench:default: Job OK (gosiru::67c885a9-27ba-470f-826c-c7f9c90fa70c)
2024-11-15 15:22:14,403 Result is kept for 600 seconds
2024-11-15 15:23:59,724 home-harshit-frappe-bench:default: frappe.utils.background_jobs.execute_job(event=None, is_async=True, job_name='frappe.model.delete_doc.delete_dynamic_links', kwargs={'doctype': 'Notification Settings', 'name': 'harshit@gosiru.com'}, method='frappe.model.delete_doc.delete_dynamic_links', site='gosiru', user='harshitpadha@gosiru.com') (gosiru::c358575c-6d9c-41be-a64d-62135d941c96)
2024-11-15 15:23:59,776 home-harshit-frappe-bench:default: Job OK (gosiru::c358575c-6d9c-41be-a64d-62135d941c96)
2024-11-15 15:23:59,776 Result is kept for 600 seconds
2024-11-15 15:23:59,783 home-harshit-frappe-bench:default: frappe.utils.background_jobs.execute_job(event=None, is_async=True, job_name='frappe.model.delete_doc.delete_dynamic_links', kwargs={'doctype': 'User', 'name': 'harshit@gosiru.com'}, method='frappe.model.delete_doc.delete_dynamic_links', site='gosiru', user='harshitpadha@gosiru.com') (gosiru::ff5ea7b3-dc2d-4123-8311-b4ce04f0b82a)
2024-11-15 15:23:59,834 home-harshit-frappe-bench:default: Job OK (gosiru::ff5ea7b3-dc2d-4123-8311-b4ce04f0b82a)
2024-11-15 15:23:59,835 Result is kept for 600 seconds
2024-11-15 15:24:10,816 home-harshit-frappe-bench:default: frappe.utils.background_jobs.execute_job(event=None, is_async=True, job_name='frappe.model.delete_doc.delete_dynamic_links', kwargs={'doctype': 'Notification Settings', 'name': 'ceo@gosiru.com'}, method='frappe.model.delete_doc.delete_dynamic_links', site='gosiru', user='harshitpadha@gosiru.com') (gosiru::c8290890-050e-4013-abf2-0bad7c0b7561)
2024-11-15 15:24:10,863 home-harshit-frappe-bench:default: Job OK (gosiru::c8290890-050e-4013-abf2-0bad7c0b7561)
2024-11-15 15:24:10,863 Result is kept for 600 seconds
2024-11-15 15:24:10,870 home-harshit-frappe-bench:default: frappe.utils.background_jobs.execute_job(event=None, is_async=True, job_name='frappe.model.delete_doc.delete_dynamic_links', kwargs={'doctype': 'User', 'name': 'ceo@gosiru.com'}, method='frappe.model.delete_doc.delete_dynamic_links', site='gosiru', user='harshitpadha@gosiru.com') (gosiru::f42ce0a7-0f73-44a6-ba8c-5c46ffffdae6)
2024-11-15 15:24:10,915 home-harshit-frappe-bench:default: Job OK (gosiru::f42ce0a7-0f73-44a6-ba8c-5c46ffffdae6)
2024-11-15 15:24:10,916 Result is kept for 600 seconds
2024-11-15 15:24:47,619 home-harshit-frappe-bench:default: frappe.utils.background_jobs.execute_job(event=None, is_async=True, job_name='frappe.core.doctype.scheduled_job_type.scheduled_job_type.run_scheduled_jo..., kwargs={'job_type': 'frappe.automation.doctype.reminder.reminder.send_reminders'}, method='frappe.core.doctype.scheduled_job_type.scheduled_job_type.run_scheduled_jo..., site='gosiru', user='Administrator') (gosiru::scheduled_job::frappe.automation.doctype.reminder.reminder.send_reminders)
2024-11-15 15:24:47,849 home-harshit-frappe-bench:default: Job OK (gosiru::scheduled_job::frappe.automation.doctype.reminder.reminder.send_reminders)
2024-11-15 15:24:47,849 Result is kept for 600 seconds
2024-11-15 15:24:47,856 home-harshit-frappe-bench:default: frappe.utils.background_jobs.execute_job(event=None, is_async=True, job_name='frappe.core.doctype.scheduled_job_type.scheduled_job_type.run_scheduled_jo..., kwargs={'job_type': 'frappe.monitor.flush'}, method='frappe.core.doctype.scheduled_job_type.scheduled_job_type.run_scheduled_jo..., site='gosiru', user='Administrator') (gosiru::scheduled_job::frappe.monitor.flush)
2024-11-15 15:24:48,068 home-harshit-frappe-bench:default: Job OK (gosiru::scheduled_job::frappe.monitor.flush)
2024-11-15 15:24:48,069 Result is kept for 600 seconds
2024-11-15 15:24:48,077 home-harshit-frappe-bench:default: frappe.utils.background_jobs.execute_job(event=None, is_async=True, job_name='frappe.core.doctype.scheduled_job_type.scheduled_job_type.run_scheduled_jo..., kwargs={'job_type': 'frappe.email.queue.flush'}, method='frappe.core.doctype.scheduled_job_type.scheduled_job_type.run_scheduled_jo..., site='gosiru', user='Administrator') (gosiru::scheduled_job::frappe.email.queue.flush)
2024-11-15 15:24:48,378 home-harshit-frappe-bench:default: Job OK (gosiru::scheduled_job::frappe.email.queue.flush)
2024-11-15 15:24:48,378 Result is kept for 600 seconds
2024-11-15 15:24:55,432 home-harshit-frappe-bench:default: frappe.utils.background_jobs.execute_job(event=None, is_async=True, job_name='frappe.model.delete_doc.delete_dynamic_links', kwargs={'doctype': 'Notification Settings', 'name': 'harshitpadha@gmail.com'}, method='frappe.model.delete_doc.delete_dynamic_links', site='gosiru', user='harshitpadha@gosiru.com') (gosiru::bb97eebc-a854-458e-b625-18008eb0b234)
2024-11-15 15:24:55,487 home-harshit-frappe-bench:default: Job OK (gosiru::bb97eebc-a854-458e-b625-18008eb0b234)
2024-11-15 15:24:55,487 Result is kept for 600 seconds
2024-11-15 15:24:55,493 home-harshit-frappe-bench:default: frappe.utils.background_jobs.execute_job(event=None, is_async=True, job_name='frappe.model.delete_doc.delete_dynamic_links', kwargs={'doctype': 'User', 'name': 'harshitpadha@gmail.com'}, method='frappe.model.delete_doc.delete_dynamic_links', site='gosiru', user='harshitpadha@gosiru.com') (gosiru::e78d56c5-9616-471a-a837-09cad7767320)
2024-11-15 15:24:55,539 home-harshit-frappe-bench:default: Job OK (gosiru::e78d56c5-9616-471a-a837-09cad7767320)
2024-11-15 15:24:55,539 Result is kept for 600 seconds
2024-11-15 15:25:37,551 home-harshit-frappe-bench:default: frappe.utils.background_jobs.execute_job(event=None, is_async=True, job_name='frappe.core.doctype.user.user.create_contact', kwargs={'user': <User: harshitpadha@gmail.com>, 'ignore_mandatory': True}, method='frappe.core.doctype.user.user.create_contact', site='gosiru', user='harshitpadha@gosiru.com') (gosiru::6f2bc651-2ae5-4fd5-9c61-e080c588964b)
2024-11-15 15:25:38,081 home-harshit-frappe-bench:default: Job OK (gosiru::6f2bc651-2ae5-4fd5-9c61-e080c588964b)
2024-11-15 15:25:38,081 Result is kept for 600 seconds
2024-11-15 15:25:38,093 home-harshit-frappe-bench:default: frappe.utils.background_jobs.execute_job(event=None, is_async=True, job_name='frappe.core.doctype.user.user.update_gravatar', kwargs={'name': 'harshitpadha@gmail.com'}, method='frappe.core.doctype.user.user.update_gravatar', site='gosiru', user='harshitpadha@gosiru.com') (gosiru::470438f9-6f4f-44ab-b485-16faf82ee78f)
2024-11-15 15:25:38,319 home-harshit-frappe-bench:default: Job OK (gosiru::470438f9-6f4f-44ab-b485-16faf82ee78f)
2024-11-15 15:25:38,319 Result is kept for 600 seconds
2024-11-15 15:25:39,630 home-harshit-frappe-bench:default: frappe.utils.background_jobs.execute_job(event=None, is_async=True, job_name='frappe.core.doctype.user.user.create_contact', kwargs={'user': <User: harshitpadha@gmail.com>, 'ignore_mandatory': True}, method='frappe.core.doctype.user.user.create_contact', site='gosiru', user='harshitpadha@gosiru.com') (gosiru::43bc1ce2-22e5-49db-a60d-bd3dfe627694)
2024-11-15 15:25:40,206 home-harshit-frappe-bench:default: Job OK (gosiru::43bc1ce2-22e5-49db-a60d-bd3dfe627694)
2024-11-15 15:25:40,206 Result is kept for 600 seconds
2024-11-15 15:25:40,215 home-harshit-frappe-bench:default: frappe.utils.background_jobs.execute_job(event=None, is_async=True, job_name='frappe.core.doctype.user.user.update_gravatar', kwargs={'name': 'harshitpadha@gmail.com'}, method='frappe.core.doctype.user.user.update_gravatar', site='gosiru', user='harshitpadha@gosiru.com') (gosiru::ef153b3a-9e64-4815-a048-64b717b4333f)
2024-11-15 15:25:40,437 home-harshit-frappe-bench:default: Job OK (gosiru::ef153b3a-9e64-4815-a048-64b717b4333f)
2024-11-15 15:25:40,437 Result is kept for 600 seconds
2024-11-15 15:25:41,321 home-harshit-frappe-bench:default: frappe.utils.background_jobs.execute_job(event=None, is_async=True, job_name='frappe.core.doctype.user.user.create_contact', kwargs={'user': <User: harshitpadha@gmail.com>, 'ignore_mandatory': True}, method='frappe.core.doctype.user.user.create_contact', site='gosiru', user='harshitpadha@gosiru.com') (gosiru::cfe3366c-fe6f-4985-938a-26a9b9146337)
2024-11-15 15:25:41,887 home-harshit-frappe-bench:default: Job OK (gosiru::cfe3366c-fe6f-4985-938a-26a9b9146337)
2024-11-15 15:25:41,887 Result is kept for 600 seconds
2024-11-15 15:25:41,897 home-harshit-frappe-bench:default: frappe.utils.background_jobs.execute_job(event=None, is_async=True, job_name='frappe.core.doctype.user.user.update_gravatar', kwargs={'name': 'harshitpadha@gmail.com'}, method='frappe.core.doctype.user.user.update_gravatar', site='gosiru', user='harshitpadha@gosiru.com') (gosiru::1f6320b5-3cd4-4b2b-938a-91b2a71ca122)
2024-11-15 15:25:42,118 home-harshit-frappe-bench:default: Job OK (gosiru::1f6320b5-3cd4-4b2b-938a-91b2a71ca122)
2024-11-15 15:25:42,118 Result is kept for 600 seconds
2024-11-15 15:25:45,117 home-harshit-frappe-bench:default: frappe.utils.background_jobs.execute_job(event=None, is_async=True, job_name='frappe.core.doctype.user.user.create_contact', kwargs={'user': <User: harshitpadha@gmail.com>, 'ignore_mandatory': True}, method='frappe.core.doctype.user.user.create_contact', site='gosiru', user='harshitpadha@gosiru.com') (gosiru::1fedc0c2-5800-41a1-b313-983afb6619fe)
2024-11-15 15:25:45,680 home-harshit-frappe-bench:default: Job OK (gosiru::1fedc0c2-5800-41a1-b313-983afb6619fe)
2024-11-15 15:25:45,681 Result is kept for 600 seconds
2024-11-15 15:25:45,692 home-harshit-frappe-bench:default: frappe.utils.background_jobs.execute_job(event=None, is_async=True, job_name='frappe.core.doctype.user.user.update_gravatar', kwargs={'name': 'harshitpadha@gmail.com'}, method='frappe.core.doctype.user.user.update_gravatar', site='gosiru', user='harshitpadha@gosiru.com') (gosiru::78bdbf45-dfa1-4a86-96c5-4080d55fdd13)
2024-11-15 15:25:45,927 home-harshit-frappe-bench:default: Job OK (gosiru::78bdbf45-dfa1-4a86-96c5-4080d55fdd13)
2024-11-15 15:25:45,927 Result is kept for 600 seconds
2024-11-15 15:25:53,610 home-harshit-frappe-bench:default: frappe.utils.background_jobs.execute_job(event=None, is_async=True, job_name='frappe.core.doctype.user.user.create_contact', kwargs={'user': <User: harshitpadha@gmail.com>, 'ignore_mandatory': True}, method='frappe.core.doctype.user.user.create_contact', site='gosiru', user='harshitpadha@gosiru.com') (gosiru::a7ac5da3-57d9-4558-a5fc-704efe591183)
2024-11-15 15:25:54,290 home-harshit-frappe-bench:default: Job OK (gosiru::a7ac5da3-57d9-4558-a5fc-704efe591183)
2024-11-15 15:25:54,290 Result is kept for 600 seconds
2024-11-15 15:25:54,307 home-harshit-frappe-bench:default: frappe.utils.background_jobs.execute_job(event=None, is_async=True, job_name='frappe.core.doctype.user.user.update_gravatar', kwargs={'name': 'harshitpadha@gmail.com'}, method='frappe.core.doctype.user.user.update_gravatar', site='gosiru', user='harshitpadha@gosiru.com') (gosiru::8a123187-46b9-41dd-bdbe-3ad8eacb4d33)
2024-11-15 15:25:54,740 home-harshit-frappe-bench:default: Job OK (gosiru::8a123187-46b9-41dd-bdbe-3ad8eacb4d33)
2024-11-15 15:25:54,740 Result is kept for 600 seconds
2024-11-15 15:25:54,747 home-harshit-frappe-bench:default: frappe.utils.background_jobs.execute_job(event=None, is_async=True, job_name='frappe.core.doctype.user.user.create_contact', kwargs={'user': <User: harshitpadha@gmail.com>, 'ignore_mandatory': True}, method='frappe.core.doctype.user.user.create_contact', site='gosiru', user='harshitpadha@gosiru.com') (gosiru::71e0eba8-da1e-47b8-ad45-3677dc611604)
2024-11-15 15:25:55,280 home-harshit-frappe-bench:default: Job OK (gosiru::71e0eba8-da1e-47b8-ad45-3677dc611604)
2024-11-15 15:25:55,281 Result is kept for 600 seconds
2024-11-15 15:25:55,289 home-harshit-frappe-bench:default: frappe.utils.background_jobs.execute_job(event=None, is_async=True, job_name='frappe.core.doctype.user.user.update_gravatar', kwargs={'name': 'harshitpadha@gmail.com'}, method='frappe.core.doctype.user.user.update_gravatar', site='gosiru', user='harshitpadha@gosiru.com') (gosiru::d06da759-6a90-4e31-b1e2-f551104a8fd5)
2024-11-15 15:25:55,499 home-harshit-frappe-bench:default: Job OK (gosiru::d06da759-6a90-4e31-b1e2-f551104a8fd5)
2024-11-15 15:25:55,499 Result is kept for 600 seconds
2024-11-15 15:25:57,036 home-harshit-frappe-bench:default: frappe.utils.background_jobs.execute_job(event=None, is_async=True, job_name='frappe.core.doctype.user.user.create_contact', kwargs={'user': <User: harshitpadha@gmail.com>, 'ignore_mandatory': True}, method='frappe.core.doctype.user.user.create_contact', site='gosiru', user='harshitpadha@gosiru.com') (gosiru::caa746ec-d793-4110-932e-21ff04344640)
2024-11-15 15:25:57,668 home-harshit-frappe-bench:default: Job OK (gosiru::caa746ec-d793-4110-932e-21ff04344640)
2024-11-15 15:25:57,668 Result is kept for 600 seconds
2024-11-15 15:25:57,677 home-harshit-frappe-bench:default: frappe.utils.background_jobs.execute_job(event=None, is_async=True, job_name='frappe.core.doctype.user.user.update_gravatar', kwargs={'name': 'harshitpadha@gmail.com'}, method='frappe.core.doctype.user.user.update_gravatar', site='gosiru', user='harshitpadha@gosiru.com') (gosiru::0850ee5e-993b-4320-8d65-d7e4a87f42ac)
2024-11-15 15:25:57,887 home-harshit-frappe-bench:default: Job OK (gosiru::0850ee5e-993b-4320-8d65-d7e4a87f42ac)
2024-11-15 15:25:57,887 Result is kept for 600 seconds
2024-11-15 15:25:59,287 home-harshit-frappe-bench:default: frappe.utils.background_jobs.execute_job(event=None, is_async=True, job_name='frappe.core.doctype.user.user.create_contact', kwargs={'user': <User: harshitpadha@gmail.com>, 'ignore_mandatory': True}, method='frappe.core.doctype.user.user.create_contact', site='gosiru', user='harshitpadha@gosiru.com') (gosiru::c99de1dc-26c7-4119-8110-869b501c3d10)
2024-11-15 15:25:59,832 home-harshit-frappe-bench:default: Job OK (gosiru::c99de1dc-26c7-4119-8110-869b501c3d10)
2024-11-15 15:25:59,832 Result is kept for 600 seconds
2024-11-15 15:25:59,843 home-harshit-frappe-bench:default: frappe.utils.background_jobs.execute_job(event=None, is_async=True, job_name='frappe.core.doctype.user.user.update_gravatar', kwargs={'name': 'harshitpadha@gmail.com'}, method='frappe.core.doctype.user.user.update_gravatar', site='gosiru', user='harshitpadha@gosiru.com') (gosiru::b1105fd8-9ec8-4f72-a841-230f3035263d)
2024-11-15 15:26:00,061 home-harshit-frappe-bench:default: Job OK (gosiru::b1105fd8-9ec8-4f72-a841-230f3035263d)
2024-11-15 15:26:00,061 Result is kept for 600 seconds
2024-11-15 15:26:01,134 home-harshit-frappe-bench:default: frappe.utils.background_jobs.execute_job(event=None, is_async=True, job_name='frappe.core.doctype.user.user.create_contact', kwargs={'user': <User: harshitpadha@gmail.com>, 'ignore_mandatory': True}, method='frappe.core.doctype.user.user.create_contact', site='gosiru', user='harshitpadha@gosiru.com') (gosiru::19ae3f13-4032-4a41-8a93-7f3d6868d85f)
2024-11-15 15:26:01,740 home-harshit-frappe-bench:default: Job OK (gosiru::19ae3f13-4032-4a41-8a93-7f3d6868d85f)
2024-11-15 15:26:01,740 Result is kept for 600 seconds
2024-11-15 15:26:01,751 home-harshit-frappe-bench:default: frappe.utils.background_jobs.execute_job(event=None, is_async=True, job_name='frappe.core.doctype.user.user.update_gravatar', kwargs={'name': 'harshitpadha@gmail.com'}, method='frappe.core.doctype.user.user.update_gravatar', site='gosiru', user='harshitpadha@gosiru.com') (gosiru::f244db5c-d667-4308-92b9-a982b334b5e5)
2024-11-15 15:26:02,008 home-harshit-frappe-bench:default: Job OK (gosiru::f244db5c-d667-4308-92b9-a982b334b5e5)
2024-11-15 15:26:02,008 Result is kept for 600 seconds
2024-11-15 15:26:03,412 home-harshit-frappe-bench:default: frappe.utils.background_jobs.execute_job(event=None, is_async=True, job_name='frappe.core.doctype.user.user.create_contact', kwargs={'user': <User: harshitpadha@gmail.com>, 'ignore_mandatory': True}, method='frappe.core.doctype.user.user.create_contact', site='gosiru', user='harshitpadha@gosiru.com') (gosiru::168a789d-8006-46c5-9d25-531bcab5e10f)
2024-11-15 15:26:04,010 home-harshit-frappe-bench:default: Job OK (gosiru::168a789d-8006-46c5-9d25-531bcab5e10f)
2024-11-15 15:26:04,010 Result is kept for 600 seconds
2024-11-15 15:26:04,021 home-harshit-frappe-bench:default: frappe.utils.background_jobs.execute_job(event=None, is_async=True, job_name='frappe.core.doctype.user.user.update_gravatar', kwargs={'name': 'harshitpadha@gmail.com'}, method='frappe.core.doctype.user.user.update_gravatar', site='gosiru', user='harshitpadha@gosiru.com') (gosiru::d5667db7-c0d2-444e-8816-fbbf6702a0af)
2024-11-15 15:26:04,260 home-harshit-frappe-bench:default: Job OK (gosiru::d5667db7-c0d2-444e-8816-fbbf6702a0af)
2024-11-15 15:26:04,260 Result is kept for 600 seconds
2024-11-15 15:26:08,044 home-harshit-frappe-bench:default: frappe.utils.background_jobs.execute_job(event=None, is_async=True, job_name='frappe.core.doctype.user.user.create_contact', kwargs={'user': <User: harshitpadha@gmail.com>, 'ignore_mandatory': True}, method='frappe.core.doctype.user.user.create_contact', site='gosiru', user='harshitpadha@gosiru.com') (gosiru::8f89cad4-c5ec-4030-bba6-33a1e09ed5b6)
2024-11-15 15:26:08,622 home-harshit-frappe-bench:default: Job OK (gosiru::8f89cad4-c5ec-4030-bba6-33a1e09ed5b6)
2024-11-15 15:26:08,622 Result is kept for 600 seconds
2024-11-15 15:26:08,632 home-harshit-frappe-bench:default: frappe.utils.background_jobs.execute_job(event=None, is_async=True, job_name='frappe.core.doctype.user.user.update_gravatar', kwargs={'name': 'harshitpadha@gmail.com'}, method='frappe.core.doctype.user.user.update_gravatar', site='gosiru', user='harshitpadha@gosiru.com') (gosiru::4aeb83d3-dbfd-4275-baa1-5fd27a728488)
2024-11-15 15:26:08,845 home-harshit-frappe-bench:default: Job OK (gosiru::4aeb83d3-dbfd-4275-baa1-5fd27a728488)
2024-11-15 15:26:08,845 Result is kept for 600 seconds
2024-11-15 15:26:10,093 home-harshit-frappe-bench:default: frappe.utils.background_jobs.execute_job(event=None, is_async=True, job_name='frappe.core.doctype.user.user.create_contact', kwargs={'user': <User: harshitpadha@gmail.com>, 'ignore_mandatory': True}, method='frappe.core.doctype.user.user.create_contact', site='gosiru', user='harshitpadha@gosiru.com') (gosiru::75482de9-26cf-46c5-b55b-6c0c3b96e847)
2024-11-15 15:26:10,825 home-harshit-frappe-bench:default: Job OK (gosiru::75482de9-26cf-46c5-b55b-6c0c3b96e847)
2024-11-15 15:26:10,825 Result is kept for 600 seconds
2024-11-15 15:26:10,838 home-harshit-frappe-bench:default: frappe.utils.background_jobs.execute_job(event=None, is_async=True, job_name='frappe.core.doctype.user.user.update_gravatar', kwargs={'name': 'harshitpadha@gmail.com'}, method='frappe.core.doctype.user.user.update_gravatar', site='gosiru', user='harshitpadha@gosiru.com') (gosiru::92b9e942-de3d-4836-9ed2-69a3a33a37c6)
2024-11-15 15:26:11,227 home-harshit-frappe-bench:default: Job OK (gosiru::92b9e942-de3d-4836-9ed2-69a3a33a37c6)
2024-11-15 15:26:11,227 Result is kept for 600 seconds
2024-11-15 15:26:11,294 home-harshit-frappe-bench:default: frappe.utils.background_jobs.execute_job(event=None, is_async=True, job_name='frappe.core.doctype.user.user.create_contact', kwargs={'user': <User: harshitpadha@gmail.com>, 'ignore_mandatory': True}, method='frappe.core.doctype.user.user.create_contact', site='gosiru', user='harshitpadha@gosiru.com') (gosiru::c8461bc4-678d-4eae-938f-e94e7e03141c)
2024-11-15 15:26:11,829 home-harshit-frappe-bench:default: Job OK (gosiru::c8461bc4-678d-4eae-938f-e94e7e03141c)
2024-11-15 15:26:11,829 Result is kept for 600 seconds
2024-11-15 15:26:11,839 home-harshit-frappe-bench:default: frappe.utils.background_jobs.execute_job(event=None, is_async=True, job_name='frappe.core.doctype.user.user.update_gravatar', kwargs={'name': 'harshitpadha@gmail.com'}, method='frappe.core.doctype.user.user.update_gravatar', site='gosiru', user='harshitpadha@gosiru.com') (gosiru::ec5f674b-44a4-4813-91c6-4882ad74b479)
2024-11-15 15:26:12,069 home-harshit-frappe-bench:default: Job OK (gosiru::ec5f674b-44a4-4813-91c6-4882ad74b479)
2024-11-15 15:26:12,069 Result is kept for 600 seconds
2024-11-15 15:26:13,153 home-harshit-frappe-bench:default: frappe.utils.background_jobs.execute_job(event=None, is_async=True, job_name='frappe.core.doctype.user.user.create_contact', kwargs={'user': <User: harshitpadha@gmail.com>, 'ignore_mandatory': True}, method='frappe.core.doctype.user.user.create_contact', site='gosiru', user='harshitpadha@gosiru.com') (gosiru::2e5e44cc-ca01-46b5-ad6c-9557f19389ec)
2024-11-15 15:26:13,745 home-harshit-frappe-bench:default: Job OK (gosiru::2e5e44cc-ca01-46b5-ad6c-9557f19389ec)
2024-11-15 15:26:13,745 Result is kept for 600 seconds
2024-11-15 15:26:13,754 home-harshit-frappe-bench:default: frappe.utils.background_jobs.execute_job(event=None, is_async=True, job_name='frappe.core.doctype.user.user.update_gravatar', kwargs={'name': 'harshitpadha@gmail.com'}, method='frappe.core.doctype.user.user.update_gravatar', site='gosiru', user='harshitpadha@gosiru.com') (gosiru::39297a15-7f9a-4c3d-9aca-1c2db9433690)
2024-11-15 15:26:14,041 home-harshit-frappe-bench:default: Job OK (gosiru::39297a15-7f9a-4c3d-9aca-1c2db9433690)
2024-11-15 15:26:14,041 Result is kept for 600 seconds
2024-11-15 15:26:14,980 home-harshit-frappe-bench:default: frappe.utils.background_jobs.execute_job(event=None, is_async=True, job_name='frappe.core.doctype.user.user.create_contact', kwargs={'user': <User: harshitpadha@gmail.com>, 'ignore_mandatory': True}, method='frappe.core.doctype.user.user.create_contact', site='gosiru', user='harshitpadha@gosiru.com') (gosiru::70e1e3e1-f01c-4c2d-8f4c-a536b92ac5bd)
2024-11-15 15:26:15,561 home-harshit-frappe-bench:default: Job OK (gosiru::70e1e3e1-f01c-4c2d-8f4c-a536b92ac5bd)
2024-11-15 15:26:15,561 Result is kept for 600 seconds
2024-11-15 15:26:15,572 home-harshit-frappe-bench:default: frappe.utils.background_jobs.execute_job(event=None, is_async=True, job_name='frappe.core.doctype.user.user.update_gravatar', kwargs={'name': 'harshitpadha@gmail.com'}, method='frappe.core.doctype.user.user.update_gravatar', site='gosiru', user='harshitpadha@gosiru.com') (gosiru::558877ca-3a7c-4a92-a08a-57db270c02aa)
2024-11-15 15:26:15,794 home-harshit-frappe-bench:default: Job OK (gosiru::558877ca-3a7c-4a92-a08a-57db270c02aa)
2024-11-15 15:26:15,795 Result is kept for 600 seconds
2024-11-15 15:26:16,245 home-harshit-frappe-bench:default: frappe.utils.background_jobs.execute_job(event=None, is_async=True, job_name='frappe.core.doctype.user.user.create_contact', kwargs={'user': <User: harshitpadha@gmail.com>, 'ignore_mandatory': True}, method='frappe.core.doctype.user.user.create_contact', site='gosiru', user='harshitpadha@gosiru.com') (gosiru::f04f3cec-f6e5-4343-abfc-1cac9849379d)
2024-11-15 15:26:16,818 home-harshit-frappe-bench:default: Job OK (gosiru::f04f3cec-f6e5-4343-abfc-1cac9849379d)
2024-11-15 15:26:16,818 Result is kept for 600 seconds
2024-11-15 15:26:16,827 home-harshit-frappe-bench:default: frappe.utils.background_jobs.execute_job(event=None, is_async=True, job_name='frappe.core.doctype.user.user.update_gravatar', kwargs={'name': 'harshitpadha@gmail.com'}, method='frappe.core.doctype.user.user.update_gravatar', site='gosiru', user='harshitpadha@gosiru.com') (gosiru::0d2a3ca9-71a0-4252-a845-e51bfad71a2d)
2024-11-15 15:26:17,038 home-harshit-frappe-bench:default: Job OK (gosiru::0d2a3ca9-71a0-4252-a845-e51bfad71a2d)
2024-11-15 15:26:17,038 Result is kept for 600 seconds
2024-11-15 15:26:17,863 home-harshit-frappe-bench:default: frappe.utils.background_jobs.execute_job(event=None, is_async=True, job_name='frappe.core.doctype.user.user.create_contact', kwargs={'user': <User: harshitpadha@gmail.com>, 'ignore_mandatory': True}, method='frappe.core.doctype.user.user.create_contact', site='gosiru', user='harshitpadha@gosiru.com') (gosiru::41a7282c-8191-4ba8-8e19-46c93601b740)
2024-11-15 15:26:18,544 home-harshit-frappe-bench:default: Job OK (gosiru::41a7282c-8191-4ba8-8e19-46c93601b740)
2024-11-15 15:26:18,544 Result is kept for 600 seconds
2024-11-15 15:26:18,554 home-harshit-frappe-bench:default: frappe.utils.background_jobs.execute_job(event=None, is_async=True, job_name='frappe.core.doctype.user.user.update_gravatar', kwargs={'name': 'harshitpadha@gmail.com'}, method='frappe.core.doctype.user.user.update_gravatar', site='gosiru', user='harshitpadha@gosiru.com') (gosiru::fb0e4105-da13-4795-a83a-f9617df51ea0)
2024-11-15 15:26:18,764 home-harshit-frappe-bench:default: Job OK (gosiru::fb0e4105-da13-4795-a83a-f9617df51ea0)
2024-11-15 15:26:18,764 Result is kept for 600 seconds
2024-11-15 15:26:18,855 home-harshit-frappe-bench:default: frappe.utils.background_jobs.execute_job(event=None, is_async=True, job_name='frappe.core.doctype.user.user.create_contact', kwargs={'user': <User: harshitpadha@gmail.com>, 'ignore_mandatory': True}, method='frappe.core.doctype.user.user.create_contact', site='gosiru', user='harshitpadha@gosiru.com') (gosiru::797a5e49-4b0a-4247-b573-cdf2f4f0c5cd)
2024-11-15 15:26:19,494 home-harshit-frappe-bench:default: Job OK (gosiru::797a5e49-4b0a-4247-b573-cdf2f4f0c5cd)
2024-11-15 15:26:19,495 Result is kept for 600 seconds
2024-11-15 15:26:19,510 home-harshit-frappe-bench:default: frappe.utils.background_jobs.execute_job(event=None, is_async=True, job_name='frappe.core.doctype.user.user.update_gravatar', kwargs={'name': 'harshitpadha@gmail.com'}, method='frappe.core.doctype.user.user.update_gravatar', site='gosiru', user='harshitpadha@gosiru.com') (gosiru::46e1db82-ffff-4480-bd9f-326a11a94a1f)
2024-11-15 15:26:19,731 home-harshit-frappe-bench:default: Job OK (gosiru::46e1db82-ffff-4480-bd9f-326a11a94a1f)
2024-11-15 15:26:19,731 Result is kept for 600 seconds
2024-11-15 15:26:19,780 home-harshit-frappe-bench:default: frappe.utils.background_jobs.execute_job(event=None, is_async=True, job_name='frappe.core.doctype.user.user.create_contact', kwargs={'user': <User: harshitpadha@gmail.com>, 'ignore_mandatory': True}, method='frappe.core.doctype.user.user.create_contact', site='gosiru', user='harshitpadha@gosiru.com') (gosiru::d7d18233-63fe-40fc-91c9-ec4231f3da3c)
2024-11-15 15:26:20,577 home-harshit-frappe-bench:default: Job OK (gosiru::d7d18233-63fe-40fc-91c9-ec4231f3da3c)
2024-11-15 15:26:20,578 Result is kept for 600 seconds
2024-11-15 15:26:20,589 home-harshit-frappe-bench:default: frappe.utils.background_jobs.execute_job(event=None, is_async=True, job_name='frappe.core.doctype.user.user.update_gravatar', kwargs={'name': 'harshitpadha@gmail.com'}, method='frappe.core.doctype.user.user.update_gravatar', site='gosiru', user='harshitpadha@gosiru.com') (gosiru::5a416589-21f7-4c7e-bcff-c6ebade6cabd)
2024-11-15 15:26:20,832 home-harshit-frappe-bench:default: Job OK (gosiru::5a416589-21f7-4c7e-bcff-c6ebade6cabd)
2024-11-15 15:26:20,832 Result is kept for 600 seconds
2024-11-15 15:26:20,956 home-harshit-frappe-bench:default: frappe.utils.background_jobs.execute_job(event=None, is_async=True, job_name='frappe.core.doctype.user.user.create_contact', kwargs={'user': <User: harshitpadha@gmail.com>, 'ignore_mandatory': True}, method='frappe.core.doctype.user.user.create_contact', site='gosiru', user='harshitpadha@gosiru.com') (gosiru::737314ef-2d90-4bfd-b13d-90f41f89f5e3)
2024-11-15 15:26:21,866 home-harshit-frappe-bench:default: Job OK (gosiru::737314ef-2d90-4bfd-b13d-90f41f89f5e3)
2024-11-15 15:26:21,867 Result is kept for 600 seconds
2024-11-15 15:26:21,877 home-harshit-frappe-bench:default: frappe.utils.background_jobs.execute_job(event=None, is_async=True, job_name='frappe.core.doctype.user.user.update_gravatar', kwargs={'name': 'harshitpadha@gmail.com'}, method='frappe.core.doctype.user.user.update_gravatar', site='gosiru', user='harshitpadha@gosiru.com') (gosiru::76b6e6d1-a5d8-47ab-817d-90d071db6db3)
2024-11-15 15:26:22,091 home-harshit-frappe-bench:default: Job OK (gosiru::76b6e6d1-a5d8-47ab-817d-90d071db6db3)
2024-11-15 15:26:22,091 Result is kept for 600 seconds
2024-11-15 15:26:22,100 home-harshit-frappe-bench:default: frappe.utils.background_jobs.execute_job(event=None, is_async=True, job_name='frappe.core.doctype.user.user.create_contact', kwargs={'user': <User: harshitpadha@gmail.com>, 'ignore_mandatory': True}, method='frappe.core.doctype.user.user.create_contact', site='gosiru', user='harshitpadha@gosiru.com') (gosiru::53709f68-43c0-45ed-a59e-b1de327b3b45)
2024-11-15 15:26:22,720 home-harshit-frappe-bench:default: Job OK (gosiru::53709f68-43c0-45ed-a59e-b1de327b3b45)
2024-11-15 15:26:22,721 Result is kept for 600 seconds
2024-11-15 15:26:22,731 home-harshit-frappe-bench:default: frappe.utils.background_jobs.execute_job(event=None, is_async=True, job_name='frappe.core.doctype.user.user.update_gravatar', kwargs={'name': 'harshitpadha@gmail.com'}, method='frappe.core.doctype.user.user.update_gravatar', site='gosiru', user='harshitpadha@gosiru.com') (gosiru::77476dfd-cb5c-47c7-afb7-f52cc6ebd739)
2024-11-15 15:26:22,945 home-harshit-frappe-bench:default: Job OK (gosiru::77476dfd-cb5c-47c7-afb7-f52cc6ebd739)
2024-11-15 15:26:22,945 Result is kept for 600 seconds
2024-11-15 15:26:23,061 home-harshit-frappe-bench:default: frappe.utils.background_jobs.execute_job(event=None, is_async=True, job_name='frappe.core.doctype.user.user.create_contact', kwargs={'user': <User: harshitpadha@gmail.com>, 'ignore_mandatory': True}, method='frappe.core.doctype.user.user.create_contact', site='gosiru', user='harshitpadha@gosiru.com') (gosiru::01339668-ce86-44e5-a31f-3414d8d02842)
2024-11-15 15:26:23,581 home-harshit-frappe-bench:default: Job OK (gosiru::01339668-ce86-44e5-a31f-3414d8d02842)
2024-11-15 15:26:23,582 Result is kept for 600 seconds
2024-11-15 15:26:23,591 home-harshit-frappe-bench:default: frappe.utils.background_jobs.execute_job(event=None, is_async=True, job_name='frappe.core.doctype.user.user.update_gravatar', kwargs={'name': 'harshitpadha@gmail.com'}, method='frappe.core.doctype.user.user.update_gravatar', site='gosiru', user='harshitpadha@gosiru.com') (gosiru::b9dbbd9f-6cca-4a57-ae27-6ebd255847ea)
2024-11-15 15:26:23,823 home-harshit-frappe-bench:default: Job OK (gosiru::b9dbbd9f-6cca-4a57-ae27-6ebd255847ea)
2024-11-15 15:26:23,823 Result is kept for 600 seconds
2024-11-15 15:26:24,705 home-harshit-frappe-bench:default: frappe.utils.background_jobs.execute_job(event=None, is_async=True, job_name='frappe.core.doctype.user.user.create_contact', kwargs={'user': <User: harshitpadha@gmail.com>, 'ignore_mandatory': True}, method='frappe.core.doctype.user.user.create_contact', site='gosiru', user='harshitpadha@gosiru.com') (gosiru::e1293fe4-c107-46e3-9ad4-41efec3fefce)
2024-11-15 15:26:25,390 home-harshit-frappe-bench:default: Job OK (gosiru::e1293fe4-c107-46e3-9ad4-41efec3fefce)
2024-11-15 15:26:25,390 Result is kept for 600 seconds
2024-11-15 15:26:25,403 home-harshit-frappe-bench:default: frappe.utils.background_jobs.execute_job(event=None, is_async=True, job_name='frappe.core.doctype.user.user.update_gravatar', kwargs={'name': 'harshitpadha@gmail.com'}, method='frappe.core.doctype.user.user.update_gravatar', site='gosiru', user='harshitpadha@gosiru.com') (gosiru::208b65a8-1437-4c6d-9534-90f4a84de0f4)
2024-11-15 15:26:25,631 home-harshit-frappe-bench:default: Job OK (gosiru::208b65a8-1437-4c6d-9534-90f4a84de0f4)
2024-11-15 15:26:25,632 Result is kept for 600 seconds
2024-11-15 15:26:25,709 home-harshit-frappe-bench:default: frappe.utils.background_jobs.execute_job(event=None, is_async=True, job_name='frappe.core.doctype.user.user.create_contact', kwargs={'user': <User: harshitpadha@gmail.com>, 'ignore_mandatory': True}, method='frappe.core.doctype.user.user.create_contact', site='gosiru', user='harshitpadha@gosiru.com') (gosiru::e9bedd26-2d4d-418d-8dc5-a6242dd35b15)
2024-11-15 15:26:26,427 home-harshit-frappe-bench:default: Job OK (gosiru::e9bedd26-2d4d-418d-8dc5-a6242dd35b15)
2024-11-15 15:26:26,427 Result is kept for 600 seconds
2024-11-15 15:26:26,439 home-harshit-frappe-bench:default: frappe.utils.background_jobs.execute_job(event=None, is_async=True, job_name='frappe.core.doctype.user.user.update_gravatar', kwargs={'name': 'harshitpadha@gmail.com'}, method='frappe.core.doctype.user.user.update_gravatar', site='gosiru', user='harshitpadha@gosiru.com') (gosiru::ad8f1806-b076-4423-a0dc-55af1b7cc2ef)
2024-11-15 15:26:26,656 home-harshit-frappe-bench:default: Job OK (gosiru::ad8f1806-b076-4423-a0dc-55af1b7cc2ef)
2024-11-15 15:26:26,657 Result is kept for 600 seconds
2024-11-15 15:26:26,686 home-harshit-frappe-bench:default: frappe.utils.background_jobs.execute_job(event=None, is_async=True, job_name='frappe.core.doctype.user.user.create_contact', kwargs={'user': <User: harshitpadha@gmail.com>, 'ignore_mandatory': True}, method='frappe.core.doctype.user.user.create_contact', site='gosiru', user='harshitpadha@gosiru.com') (gosiru::70df9336-0aa8-4fe5-874b-717ad62f8fc5)
2024-11-15 15:26:27,566 home-harshit-frappe-bench:default: Job OK (gosiru::70df9336-0aa8-4fe5-874b-717ad62f8fc5)
2024-11-15 15:26:27,566 Result is kept for 600 seconds
2024-11-15 15:26:27,578 home-harshit-frappe-bench:default: frappe.utils.background_jobs.execute_job(event=None, is_async=True, job_name='frappe.core.doctype.user.user.update_gravatar', kwargs={'name': 'harshitpadha@gmail.com'}, method='frappe.core.doctype.user.user.update_gravatar', site='gosiru', user='harshitpadha@gosiru.com') (gosiru::73f32e0b-6c9d-4772-961a-62c7135f4be8)
2024-11-15 15:26:27,805 home-harshit-frappe-bench:default: Job OK (gosiru::73f32e0b-6c9d-4772-961a-62c7135f4be8)
2024-11-15 15:26:27,805 Result is kept for 600 seconds
2024-11-15 15:26:27,812 home-harshit-frappe-bench:default: frappe.utils.background_jobs.execute_job(event=None, is_async=True, job_name='frappe.core.doctype.user.user.create_contact', kwargs={'user': <User: harshitpadha@gmail.com>, 'ignore_mandatory': True}, method='frappe.core.doctype.user.user.create_contact', site='gosiru', user='harshitpadha@gosiru.com') (gosiru::2d5b6a13-1850-4518-8f95-3de9eab7aa02)
2024-11-15 15:26:28,593 home-harshit-frappe-bench:default: Job OK (gosiru::2d5b6a13-1850-4518-8f95-3de9eab7aa02)
2024-11-15 15:26:28,593 Result is kept for 600 seconds
2024-11-15 15:26:28,616 home-harshit-frappe-bench:default: frappe.utils.background_jobs.execute_job(event=None, is_async=True, job_name='frappe.core.doctype.user.user.update_gravatar', kwargs={'name': 'harshitpadha@gmail.com'}, method='frappe.core.doctype.user.user.update_gravatar', site='gosiru', user='harshitpadha@gosiru.com') (gosiru::23fdcdd7-7a31-48af-b06f-9ebb2406aeb7)
2024-11-15 15:26:28,978 home-harshit-frappe-bench:default: Job OK (gosiru::23fdcdd7-7a31-48af-b06f-9ebb2406aeb7)
2024-11-15 15:26:28,978 Result is kept for 600 seconds
2024-11-15 15:26:28,989 home-harshit-frappe-bench:default: frappe.utils.background_jobs.execute_job(event=None, is_async=True, job_name='frappe.core.doctype.user.user.create_contact', kwargs={'user': <User: harshitpadha@gmail.com>, 'ignore_mandatory': True}, method='frappe.core.doctype.user.user.create_contact', site='gosiru', user='harshitpadha@gosiru.com') (gosiru::42a5bbe4-f54f-4896-b243-a149352ae7ce)
2024-11-15 15:26:29,681 home-harshit-frappe-bench:default: Job OK (gosiru::42a5bbe4-f54f-4896-b243-a149352ae7ce)
2024-11-15 15:26:29,682 Result is kept for 600 seconds
2024-11-15 15:26:29,692 home-harshit-frappe-bench:default: frappe.utils.background_jobs.execute_job(event=None, is_async=True, job_name='frappe.core.doctype.user.user.update_gravatar', kwargs={'name': 'harshitpadha@gmail.com'}, method='frappe.core.doctype.user.user.update_gravatar', site='gosiru', user='harshitpadha@gosiru.com') (gosiru::33a0d945-fc8d-4ef9-86d5-e5d9084c40bb)
2024-11-15 15:26:29,991 home-harshit-frappe-bench:default: Job OK (gosiru::33a0d945-fc8d-4ef9-86d5-e5d9084c40bb)
2024-11-15 15:26:29,991 Result is kept for 600 seconds
2024-11-15 15:26:30,000 home-harshit-frappe-bench:default: frappe.utils.background_jobs.execute_job(event=None, is_async=True, job_name='frappe.core.doctype.user.user.create_contact', kwargs={'user': <User: harshitpadha@gmail.com>, 'ignore_mandatory': True}, method='frappe.core.doctype.user.user.create_contact', site='gosiru', user='harshitpadha@gosiru.com') (gosiru::ed629440-6799-4301-aa7b-992ee7f88113)
2024-11-15 15:26:30,636 home-harshit-frappe-bench:default: Job OK (gosiru::ed629440-6799-4301-aa7b-992ee7f88113)
2024-11-15 15:26:30,636 Result is kept for 600 seconds
2024-11-15 15:26:30,647 home-harshit-frappe-bench:default: frappe.utils.background_jobs.execute_job(event=None, is_async=True, job_name='frappe.core.doctype.user.user.update_gravatar', kwargs={'name': 'harshitpadha@gmail.com'}, method='frappe.core.doctype.user.user.update_gravatar', site='gosiru', user='harshitpadha@gosiru.com') (gosiru::a24e4dba-9184-40f3-9b30-d9a49629d1ad)
2024-11-15 15:26:30,862 home-harshit-frappe-bench:default: Job OK (gosiru::a24e4dba-9184-40f3-9b30-d9a49629d1ad)
2024-11-15 15:26:30,862 Result is kept for 600 seconds
2024-11-15 15:26:30,920 home-harshit-frappe-bench:default: frappe.utils.background_jobs.execute_job(event=None, is_async=True, job_name='frappe.core.doctype.user.user.create_contact', kwargs={'user': <User: harshitpadha@gmail.com>, 'ignore_mandatory': True}, method='frappe.core.doctype.user.user.create_contact', site='gosiru', user='harshitpadha@gosiru.com') (gosiru::5205aaaa-b29b-4ce4-b8c8-bf3cb1a36db4)
2024-11-15 15:26:31,773 home-harshit-frappe-bench:default: Job OK (gosiru::5205aaaa-b29b-4ce4-b8c8-bf3cb1a36db4)
2024-11-15 15:26:31,773 Result is kept for 600 seconds
2024-11-15 15:26:31,782 home-harshit-frappe-bench:default: frappe.utils.background_jobs.execute_job(event=None, is_async=True, job_name='frappe.core.doctype.user.user.update_gravatar', kwargs={'name': 'harshitpadha@gmail.com'}, method='frappe.core.doctype.user.user.update_gravatar', site='gosiru', user='harshitpadha@gosiru.com') (gosiru::404d88aa-c139-4207-b82e-6a96dca0a01e)
2024-11-15 15:26:32,005 home-harshit-frappe-bench:default: Job OK (gosiru::404d88aa-c139-4207-b82e-6a96dca0a01e)
2024-11-15 15:26:32,006 Result is kept for 600 seconds
2024-11-15 15:26:32,013 home-harshit-frappe-bench:default: frappe.utils.background_jobs.execute_job(event=None, is_async=True, job_name='frappe.core.doctype.user.user.create_contact', kwargs={'user': <User: harshitpadha@gmail.com>, 'ignore_mandatory': True}, method='frappe.core.doctype.user.user.create_contact', site='gosiru', user='harshitpadha@gosiru.com') (gosiru::2082f7ab-15a8-48d4-b58e-3ab6fb2832ef)
2024-11-15 15:26:32,889 home-harshit-frappe-bench:default: Job OK (gosiru::2082f7ab-15a8-48d4-b58e-3ab6fb2832ef)
2024-11-15 15:26:32,889 Result is kept for 600 seconds
2024-11-15 15:26:32,909 home-harshit-frappe-bench:default: frappe.utils.background_jobs.execute_job(event=None, is_async=True, job_name='frappe.core.doctype.user.user.update_gravatar', kwargs={'name': 'harshitpadha@gmail.com'}, method='frappe.core.doctype.user.user.update_gravatar', site='gosiru', user='harshitpadha@gosiru.com') (gosiru::8cce5ca6-4d8f-4642-93b1-d1713f847529)
2024-11-15 15:26:33,246 home-harshit-frappe-bench:default: Job OK (gosiru::8cce5ca6-4d8f-4642-93b1-d1713f847529)
2024-11-15 15:26:33,246 Result is kept for 600 seconds
2024-11-15 15:26:33,255 home-harshit-frappe-bench:default: frappe.utils.background_jobs.execute_job(event=None, is_async=True, job_name='frappe.core.doctype.user.user.create_contact', kwargs={'user': <User: harshitpadha@gmail.com>, 'ignore_mandatory': True}, method='frappe.core.doctype.user.user.create_contact', site='gosiru', user='harshitpadha@gosiru.com') (gosiru::4a5c590d-ee28-42ec-9181-371b9e4944e2)
2024-11-15 15:26:33,798 home-harshit-frappe-bench:default: Job OK (gosiru::4a5c590d-ee28-42ec-9181-371b9e4944e2)
2024-11-15 15:26:33,798 Result is kept for 600 seconds
2024-11-15 15:26:33,808 home-harshit-frappe-bench:default: frappe.utils.background_jobs.execute_job(event=None, is_async=True, job_name='frappe.core.doctype.user.user.update_gravatar', kwargs={'name': 'harshitpadha@gmail.com'}, method='frappe.core.doctype.user.user.update_gravatar', site='gosiru', user='harshitpadha@gosiru.com') (gosiru::c5f48f74-2daa-48b0-8a8f-b487ad06628b)
2024-11-15 15:26:34,023 home-harshit-frappe-bench:default: Job OK (gosiru::c5f48f74-2daa-48b0-8a8f-b487ad06628b)
2024-11-15 15:26:34,023 Result is kept for 600 seconds
2024-11-15 15:26:35,054 home-harshit-frappe-bench:default: frappe.utils.background_jobs.execute_job(event=None, is_async=True, job_name='frappe.core.doctype.user.user.create_contact', kwargs={'user': <User: harshitpadha@gmail.com>, 'ignore_mandatory': True}, method='frappe.core.doctype.user.user.create_contact', site='gosiru', user='harshitpadha@gosiru.com') (gosiru::a784544c-b952-43d1-a89c-7938be428429)
2024-11-15 15:26:35,600 home-harshit-frappe-bench:default: Job OK (gosiru::a784544c-b952-43d1-a89c-7938be428429)
2024-11-15 15:26:35,600 Result is kept for 600 seconds
2024-11-15 15:26:35,610 home-harshit-frappe-bench:default: frappe.utils.background_jobs.execute_job(event=None, is_async=True, job_name='frappe.core.doctype.user.user.update_gravatar', kwargs={'name': 'harshitpadha@gmail.com'}, method='frappe.core.doctype.user.user.update_gravatar', site='gosiru', user='harshitpadha@gosiru.com') (gosiru::1c11d5d4-56dd-43c3-b296-606a75e03f53)
2024-11-15 15:26:35,863 home-harshit-frappe-bench:default: Job OK (gosiru::1c11d5d4-56dd-43c3-b296-606a75e03f53)
2024-11-15 15:26:35,864 Result is kept for 600 seconds
2024-11-15 15:26:36,603 home-harshit-frappe-bench:default: frappe.utils.background_jobs.execute_job(event=None, is_async=True, job_name='frappe.core.doctype.user.user.create_contact', kwargs={'user': <User: harshitpadha@gmail.com>, 'ignore_mandatory': True}, method='frappe.core.doctype.user.user.create_contact', site='gosiru', user='harshitpadha@gosiru.com') (gosiru::8a86dd9a-9ed1-422a-a720-8352d5c13e99)
2024-11-15 15:26:37,194 home-harshit-frappe-bench:default: Job OK (gosiru::8a86dd9a-9ed1-422a-a720-8352d5c13e99)
2024-11-15 15:26:37,194 Result is kept for 600 seconds
2024-11-15 15:26:37,204 home-harshit-frappe-bench:default: frappe.utils.background_jobs.execute_job(event=None, is_async=True, job_name='frappe.core.doctype.user.user.update_gravatar', kwargs={'name': 'harshitpadha@gmail.com'}, method='frappe.core.doctype.user.user.update_gravatar', site='gosiru', user='harshitpadha@gosiru.com') (gosiru::6fda1592-8b60-44c0-bc03-3fec99e38625)
2024-11-15 15:26:37,424 home-harshit-frappe-bench:default: Job OK (gosiru::6fda1592-8b60-44c0-bc03-3fec99e38625)
2024-11-15 15:26:37,424 Result is kept for 600 seconds
2024-11-15 15:26:38,546 home-harshit-frappe-bench:default: frappe.utils.background_jobs.execute_job(event=None, is_async=True, job_name='frappe.core.doctype.user.user.create_contact', kwargs={'user': <User: harshitpadha@gmail.com>, 'ignore_mandatory': True}, method='frappe.core.doctype.user.user.create_contact', site='gosiru', user='harshitpadha@gosiru.com') (gosiru::ed9c0ab0-ec2f-4b9e-9618-e6beb54341cf)
2024-11-15 15:26:39,109 home-harshit-frappe-bench:default: Job OK (gosiru::ed9c0ab0-ec2f-4b9e-9618-e6beb54341cf)
2024-11-15 15:26:39,109 Result is kept for 600 seconds
2024-11-15 15:26:39,118 home-harshit-frappe-bench:default: frappe.utils.background_jobs.execute_job(event=None, is_async=True, job_name='frappe.core.doctype.user.user.update_gravatar', kwargs={'name': 'harshitpadha@gmail.com'}, method='frappe.core.doctype.user.user.update_gravatar', site='gosiru', user='harshitpadha@gosiru.com') (gosiru::70fdf9a5-8f9e-43b3-82a5-b08dd5701963)
2024-11-15 15:26:39,329 home-harshit-frappe-bench:default: Job OK (gosiru::70fdf9a5-8f9e-43b3-82a5-b08dd5701963)
2024-11-15 15:26:39,329 Result is kept for 600 seconds
2024-11-15 15:28:48,321 home-harshit-frappe-bench:default: frappe.utils.background_jobs.execute_job(event=None, is_async=True, job_name='frappe.core.doctype.scheduled_job_type.scheduled_job_type.run_scheduled_jo..., kwargs={'job_type': 'frappe.automation.doctype.reminder.reminder.send_reminders'}, method='frappe.core.doctype.scheduled_job_type.scheduled_job_type.run_scheduled_jo..., site='gosiru', user='Administrator') (gosiru::scheduled_job::frappe.automation.doctype.reminder.reminder.send_reminders)
2024-11-15 15:28:48,587 home-harshit-frappe-bench:default: Job OK (gosiru::scheduled_job::frappe.automation.doctype.reminder.reminder.send_reminders)
2024-11-15 15:28:48,588 Result is kept for 600 seconds
2024-11-15 15:28:48,597 home-harshit-frappe-bench:default: frappe.utils.background_jobs.execute_job(event=None, is_async=True, job_name='frappe.core.doctype.scheduled_job_type.scheduled_job_type.run_scheduled_jo..., kwargs={'job_type': 'frappe.monitor.flush'}, method='frappe.core.doctype.scheduled_job_type.scheduled_job_type.run_scheduled_jo..., site='gosiru', user='Administrator') (gosiru::scheduled_job::frappe.monitor.flush)
2024-11-15 15:28:48,808 home-harshit-frappe-bench:default: Job OK (gosiru::scheduled_job::frappe.monitor.flush)
2024-11-15 15:28:48,808 Result is kept for 600 seconds
2024-11-15 15:28:48,816 home-harshit-frappe-bench:default: frappe.utils.background_jobs.execute_job(event=None, is_async=True, job_name='frappe.core.doctype.scheduled_job_type.scheduled_job_type.run_scheduled_jo..., kwargs={'job_type': 'frappe.email.queue.flush'}, method='frappe.core.doctype.scheduled_job_type.scheduled_job_type.run_scheduled_jo..., site='gosiru', user='Administrator') (gosiru::scheduled_job::frappe.email.queue.flush)
2024-11-15 15:28:49,118 home-harshit-frappe-bench:default: Job OK (gosiru::scheduled_job::frappe.email.queue.flush)
2024-11-15 15:28:49,119 Result is kept for 600 seconds
2024-11-15 15:30:48,571 home-harshit-frappe-bench:default: frappe.utils.background_jobs.execute_job(event=None, is_async=True, job_name='frappe.core.doctype.scheduled_job_type.scheduled_job_type.run_scheduled_jo..., kwargs={'job_type': 'erpnext.utilities.doctype.video.video.update_youtube_data'}, method='frappe.core.doctype.scheduled_job_type.scheduled_job_type.run_scheduled_jo..., site='gosiru', user='Administrator') (gosiru::scheduled_job::erpnext.utilities.doctype.video.video.update_youtube_data)
2024-11-15 15:30:49,039 home-harshit-frappe-bench:default: Job OK (gosiru::scheduled_job::erpnext.utilities.doctype.video.video.update_youtube_data)
2024-11-15 15:30:49,039 Result is kept for 600 seconds
2024-11-15 15:30:49,047 Cleaning registries for queue: home-harshit-frappe-bench:short
2024-11-15 15:30:49,048 Cleaning registries for queue: home-harshit-frappe-bench:default
2024-11-15 15:30:49,049 Cleaning registries for queue: home-harshit-frappe-bench:long
2024-11-15 15:30:49,051 home-harshit-frappe-bench:default: frappe.utils.background_jobs.execute_job(event=None, is_async=True, job_name='frappe.core.doctype.scheduled_job_type.scheduled_job_type.run_scheduled_jo..., kwargs={'job_type': 'erpnext.accounts.doctype.gl_entry.gl_entry.rename_gle_sle_doc..., method='frappe.core.doctype.scheduled_job_type.scheduled_job_type.run_scheduled_jo..., site='gosiru', user='Administrator') (gosiru::scheduled_job::erpnext.accounts.doctype.gl_entry.gl_entry.rename_gle_sle_docs)
2024-11-15 15:30:49,362 home-harshit-frappe-bench:default: Job OK (gosiru::scheduled_job::erpnext.accounts.doctype.gl_entry.gl_entry.rename_gle_sle_docs)
2024-11-15 15:30:49,362 Result is kept for 600 seconds
2024-11-15 15:30:49,371 home-harshit-frappe-bench:default: frappe.utils.background_jobs.execute_job(event=None, is_async=True, job_name='frappe.core.doctype.scheduled_job_type.scheduled_job_type.run_scheduled_jo..., kwargs={'job_type': 'erpnext.accounts.doctype.process_payment_reconciliation.proce..., method='frappe.core.doctype.scheduled_job_type.scheduled_job_type.run_scheduled_jo..., site='gosiru', user='Administrator') (gosiru::scheduled_job::erpnext.accounts.doctype.process_payment_reconciliation.process_payment_reconciliation.trigger_reconciliation_for_queued_docs)
2024-11-15 15:30:49,681 home-harshit-frappe-bench:default: Job OK (gosiru::scheduled_job::erpnext.accounts.doctype.process_payment_reconciliation.process_payment_reconciliation.trigger_reconciliation_for_queued_docs)
2024-11-15 15:30:49,681 Result is kept for 600 seconds
2024-11-15 15:30:49,690 home-harshit-frappe-bench:default: frappe.utils.background_jobs.execute_job(event=None, is_async=True, job_name='frappe.core.doctype.scheduled_job_type.scheduled_job_type.run_scheduled_jo..., kwargs={'job_type': 'erpnext.manufacturing.doctype.bom_update_log.bom_update_log.r..., method='frappe.core.doctype.scheduled_job_type.scheduled_job_type.run_scheduled_jo..., site='gosiru', user='Administrator') (gosiru::scheduled_job::erpnext.manufacturing.doctype.bom_update_log.bom_update_log.resume_bom_cost_update_jobs)
2024-11-15 15:30:49,949 home-harshit-frappe-bench:default: Job OK (gosiru::scheduled_job::erpnext.manufacturing.doctype.bom_update_log.bom_update_log.resume_bom_cost_update_jobs)
2024-11-15 15:30:49,949 Result is kept for 600 seconds
2024-11-15 15:30:49,957 home-harshit-frappe-bench:default: frappe.utils.background_jobs.execute_job(event=None, is_async=True, job_name='frappe.core.doctype.scheduled_job_type.scheduled_job_type.run_scheduled_jo..., kwargs={'job_type': 'frappe.core.doctype.prepared_report.prepared_report.expire_st..., method='frappe.core.doctype.scheduled_job_type.scheduled_job_type.run_scheduled_jo..., site='gosiru', user='Administrator') (gosiru::scheduled_job::frappe.core.doctype.prepared_report.prepared_report.expire_stalled_report)
2024-11-15 15:30:50,197 home-harshit-frappe-bench:default: Job OK (gosiru::scheduled_job::frappe.core.doctype.prepared_report.prepared_report.expire_stalled_report)
2024-11-15 15:30:50,197 Result is kept for 600 seconds
2024-11-15 15:30:50,205 home-harshit-frappe-bench:default: frappe.utils.background_jobs.execute_job(event=None, is_async=True, job_name='frappe.core.doctype.scheduled_job_type.scheduled_job_type.run_scheduled_jo..., kwargs={'job_type': 'frappe.email.doctype.email_account.email_account.pull'}, method='frappe.core.doctype.scheduled_job_type.scheduled_job_type.run_scheduled_jo..., site='gosiru', user='Administrator') (gosiru::scheduled_job::frappe.email.doctype.email_account.email_account.pull)
2024-11-15 15:30:50,468 home-harshit-frappe-bench:default: Job OK (gosiru::scheduled_job::frappe.email.doctype.email_account.email_account.pull)
2024-11-15 15:30:50,468 Result is kept for 600 seconds
2024-11-15 15:30:50,476 home-harshit-frappe-bench:default: frappe.utils.background_jobs.execute_job(event=None, is_async=True, job_name='frappe.core.doctype.scheduled_job_type.scheduled_job_type.run_scheduled_jo..., kwargs={'job_type': 'frappe.deferred_insert.save_to_db'}, method='frappe.core.doctype.scheduled_job_type.scheduled_job_type.run_scheduled_jo..., site='gosiru', user='Administrator') (gosiru::scheduled_job::frappe.deferred_insert.save_to_db)
2024-11-15 15:30:50,789 home-harshit-frappe-bench:default: Job OK (gosiru::scheduled_job::frappe.deferred_insert.save_to_db)
2024-11-15 15:30:50,789 Result is kept for 600 seconds
2024-11-15 15:30:50,797 home-harshit-frappe-bench:default: frappe.utils.background_jobs.execute_job(event=None, is_async=True, job_name='frappe.core.doctype.scheduled_job_type.scheduled_job_type.run_scheduled_jo..., kwargs={'job_type': 'frappe.utils.global_search.sync_global_search'}, method='frappe.core.doctype.scheduled_job_type.scheduled_job_type.run_scheduled_jo..., site='gosiru', user='Administrator') (gosiru::scheduled_job::frappe.utils.global_search.sync_global_search)
2024-11-15 15:30:51,090 home-harshit-frappe-bench:default: Job OK (gosiru::scheduled_job::frappe.utils.global_search.sync_global_search)
2024-11-15 15:30:51,091 Result is kept for 600 seconds
2024-11-15 15:30:51,099 home-harshit-frappe-bench:default: frappe.utils.background_jobs.execute_job(event=None, is_async=True, job_name='frappe.core.doctype.scheduled_job_type.scheduled_job_type.run_scheduled_jo..., kwargs={'job_type': 'frappe.email.doctype.email_account.email_account.notify_unrep..., method='frappe.core.doctype.scheduled_job_type.scheduled_job_type.run_scheduled_jo..., site='gosiru', user='Administrator') (gosiru::scheduled_job::frappe.email.doctype.email_account.email_account.notify_unreplied)
2024-11-15 15:30:51,390 home-harshit-frappe-bench:default: Job OK (gosiru::scheduled_job::frappe.email.doctype.email_account.email_account.notify_unreplied)
2024-11-15 15:30:51,390 Result is kept for 600 seconds
2024-11-15 15:30:51,399 home-harshit-frappe-bench:default: frappe.utils.background_jobs.execute_job(event=None, is_async=True, job_name='frappe.core.doctype.scheduled_job_type.scheduled_job_type.run_scheduled_jo..., kwargs={'job_type': 'frappe.twofactor.delete_all_barcodes_for_users'}, method='frappe.core.doctype.scheduled_job_type.scheduled_job_type.run_scheduled_jo..., site='gosiru', user='Administrator') (gosiru::scheduled_job::frappe.twofactor.delete_all_barcodes_for_users)
2024-11-15 15:30:51,647 home-harshit-frappe-bench:default: Job OK (gosiru::scheduled_job::frappe.twofactor.delete_all_barcodes_for_users)
2024-11-15 15:30:51,647 Result is kept for 600 seconds
2024-11-15 15:30:51,655 home-harshit-frappe-bench:default: frappe.utils.background_jobs.execute_job(event=None, is_async=True, job_name='frappe.core.doctype.scheduled_job_type.scheduled_job_type.run_scheduled_jo..., kwargs={'job_type': 'frappe.website.doctype.web_page.web_page.check_publish_status..., method='frappe.core.doctype.scheduled_job_type.scheduled_job_type.run_scheduled_jo..., site='gosiru', user='Administrator') (gosiru::scheduled_job::frappe.website.doctype.web_page.web_page.check_publish_status)
2024-11-15 15:30:51,975 home-harshit-frappe-bench:default: Job OK (gosiru::scheduled_job::frappe.website.doctype.web_page.web_page.check_publish_status)
2024-11-15 15:30:51,975 Result is kept for 600 seconds
2024-11-15 15:30:51,983 home-harshit-frappe-bench:default: frappe.utils.background_jobs.execute_job(event=None, is_async=True, job_name='frappe.core.doctype.scheduled_job_type.scheduled_job_type.run_scheduled_jo..., kwargs={'job_type': 'frappe.oauth.delete_oauth2_data'}, method='frappe.core.doctype.scheduled_job_type.scheduled_job_type.run_scheduled_jo..., site='gosiru', user='Administrator') (gosiru::scheduled_job::frappe.oauth.delete_oauth2_data)
2024-11-15 15:30:52,242 home-harshit-frappe-bench:default: Job OK (gosiru::scheduled_job::frappe.oauth.delete_oauth2_data)
2024-11-15 15:30:52,243 Result is kept for 600 seconds
2024-11-15 15:32:48,991 home-harshit-frappe-bench:default: frappe.utils.background_jobs.execute_job(event=None, is_async=True, job_name='frappe.core.doctype.scheduled_job_type.scheduled_job_type.run_scheduled_jo..., kwargs={'job_type': 'frappe.automation.doctype.reminder.reminder.send_reminders'}, method='frappe.core.doctype.scheduled_job_type.scheduled_job_type.run_scheduled_jo..., site='gosiru', user='Administrator') (gosiru::scheduled_job::frappe.automation.doctype.reminder.reminder.send_reminders)
2024-11-15 15:32:49,212 home-harshit-frappe-bench:default: Job OK (gosiru::scheduled_job::frappe.automation.doctype.reminder.reminder.send_reminders)
2024-11-15 15:32:49,212 Result is kept for 600 seconds
2024-11-15 15:32:49,221 home-harshit-frappe-bench:default: frappe.utils.background_jobs.execute_job(event=None, is_async=True, job_name='frappe.core.doctype.scheduled_job_type.scheduled_job_type.run_scheduled_jo..., kwargs={'job_type': 'frappe.monitor.flush'}, method='frappe.core.doctype.scheduled_job_type.scheduled_job_type.run_scheduled_jo..., site='gosiru', user='Administrator') (gosiru::scheduled_job::frappe.monitor.flush)
2024-11-15 15:32:49,430 home-harshit-frappe-bench:default: Job OK (gosiru::scheduled_job::frappe.monitor.flush)
2024-11-15 15:32:49,430 Result is kept for 600 seconds
2024-11-15 15:32:49,438 home-harshit-frappe-bench:default: frappe.utils.background_jobs.execute_job(event=None, is_async=True, job_name='frappe.core.doctype.scheduled_job_type.scheduled_job_type.run_scheduled_jo..., kwargs={'job_type': 'frappe.email.queue.flush'}, method='frappe.core.doctype.scheduled_job_type.scheduled_job_type.run_scheduled_jo..., site='gosiru', user='Administrator') (gosiru::scheduled_job::frappe.email.queue.flush)
2024-11-15 15:32:49,727 home-harshit-frappe-bench:default: Job OK (gosiru::scheduled_job::frappe.email.queue.flush)
2024-11-15 15:32:49,727 Result is kept for 600 seconds
2024-11-15 15:36:49,650 home-harshit-frappe-bench:default: frappe.utils.background_jobs.execute_job(event=None, is_async=True, job_name='frappe.core.doctype.scheduled_job_type.scheduled_job_type.run_scheduled_jo..., kwargs={'job_type': 'frappe.automation.doctype.reminder.reminder.send_reminders'}, method='frappe.core.doctype.scheduled_job_type.scheduled_job_type.run_scheduled_jo..., site='gosiru', user='Administrator') (gosiru::scheduled_job::frappe.automation.doctype.reminder.reminder.send_reminders)
2024-11-15 15:36:49,886 home-harshit-frappe-bench:default: Job OK (gosiru::scheduled_job::frappe.automation.doctype.reminder.reminder.send_reminders)
2024-11-15 15:36:49,886 Result is kept for 600 seconds
2024-11-15 15:36:49,894 home-harshit-frappe-bench:default: frappe.utils.background_jobs.execute_job(event=None, is_async=True, job_name='frappe.core.doctype.scheduled_job_type.scheduled_job_type.run_scheduled_jo..., kwargs={'job_type': 'frappe.monitor.flush'}, method='frappe.core.doctype.scheduled_job_type.scheduled_job_type.run_scheduled_jo..., site='gosiru', user='Administrator') (gosiru::scheduled_job::frappe.monitor.flush)
2024-11-15 15:36:50,107 home-harshit-frappe-bench:default: Job OK (gosiru::scheduled_job::frappe.monitor.flush)
2024-11-15 15:36:50,108 Result is kept for 600 seconds
2024-11-15 15:36:50,116 home-harshit-frappe-bench:default: frappe.utils.background_jobs.execute_job(event=None, is_async=True, job_name='frappe.core.doctype.scheduled_job_type.scheduled_job_type.run_scheduled_jo..., kwargs={'job_type': 'frappe.email.queue.flush'}, method='frappe.core.doctype.scheduled_job_type.scheduled_job_type.run_scheduled_jo..., site='gosiru', user='Administrator') (gosiru::scheduled_job::frappe.email.queue.flush)
2024-11-15 15:36:50,429 home-harshit-frappe-bench:default: Job OK (gosiru::scheduled_job::frappe.email.queue.flush)
2024-11-15 15:36:50,429 Result is kept for 600 seconds
2024-11-15 15:40:50,296 home-harshit-frappe-bench:default: frappe.utils.background_jobs.execute_job(event=None, is_async=True, job_name='frappe.core.doctype.scheduled_job_type.scheduled_job_type.run_scheduled_jo..., kwargs={'job_type': 'frappe.automation.doctype.reminder.reminder.send_reminders'}, method='frappe.core.doctype.scheduled_job_type.scheduled_job_type.run_scheduled_jo..., site='gosiru', user='Administrator') (gosiru::scheduled_job::frappe.automation.doctype.reminder.reminder.send_reminders)
2024-11-15 15:40:50,521 home-harshit-frappe-bench:default: Job OK (gosiru::scheduled_job::frappe.automation.doctype.reminder.reminder.send_reminders)
2024-11-15 15:40:50,521 Result is kept for 600 seconds
2024-11-15 15:40:50,530 home-harshit-frappe-bench:default: frappe.utils.background_jobs.execute_job(event=None, is_async=True, job_name='frappe.core.doctype.scheduled_job_type.scheduled_job_type.run_scheduled_jo..., kwargs={'job_type': 'frappe.monitor.flush'}, method='frappe.core.doctype.scheduled_job_type.scheduled_job_type.run_scheduled_jo..., site='gosiru', user='Administrator') (gosiru::scheduled_job::frappe.monitor.flush)
2024-11-15 15:40:50,735 home-harshit-frappe-bench:default: Job OK (gosiru::scheduled_job::frappe.monitor.flush)
2024-11-15 15:40:50,735 Result is kept for 600 seconds
2024-11-15 15:40:50,742 home-harshit-frappe-bench:default: frappe.utils.background_jobs.execute_job(event=None, is_async=True, job_name='frappe.core.doctype.scheduled_job_type.scheduled_job_type.run_scheduled_jo..., kwargs={'job_type': 'frappe.email.queue.flush'}, method='frappe.core.doctype.scheduled_job_type.scheduled_job_type.run_scheduled_jo..., site='gosiru', user='Administrator') (gosiru::scheduled_job::frappe.email.queue.flush)
2024-11-15 15:40:51,027 home-harshit-frappe-bench:default: Job OK (gosiru::scheduled_job::frappe.email.queue.flush)
2024-11-15 15:40:51,027 Result is kept for 600 seconds
2024-11-15 15:41:50,469 home-harshit-frappe-bench:default: frappe.utils.background_jobs.execute_job(event=None, is_async=True, job_name='frappe.core.doctype.scheduled_job_type.scheduled_job_type.run_scheduled_jo..., kwargs={'job_type': 'frappe.email.doctype.email_account.email_account.pull'}, method='frappe.core.doctype.scheduled_job_type.scheduled_job_type.run_scheduled_jo..., site='gosiru', user='Administrator') (gosiru::scheduled_job::frappe.email.doctype.email_account.email_account.pull)
2024-11-15 15:41:50,736 home-harshit-frappe-bench:default: Job OK (gosiru::scheduled_job::frappe.email.doctype.email_account.email_account.pull)
2024-11-15 15:41:50,737 Result is kept for 600 seconds
2024-11-15 15:44:50,938 home-harshit-frappe-bench:default: frappe.utils.background_jobs.execute_job(event=None, is_async=True, job_name='frappe.core.doctype.scheduled_job_type.scheduled_job_type.run_scheduled_jo..., kwargs={'job_type': 'frappe.automation.doctype.reminder.reminder.send_reminders'}, method='frappe.core.doctype.scheduled_job_type.scheduled_job_type.run_scheduled_jo..., site='gosiru', user='Administrator') (gosiru::scheduled_job::frappe.automation.doctype.reminder.reminder.send_reminders)
2024-11-15 15:44:51,157 home-harshit-frappe-bench:default: Job OK (gosiru::scheduled_job::frappe.automation.doctype.reminder.reminder.send_reminders)
2024-11-15 15:44:51,158 Result is kept for 600 seconds
2024-11-15 15:44:51,165 home-harshit-frappe-bench:default: frappe.utils.background_jobs.execute_job(event=None, is_async=True, job_name='frappe.core.doctype.scheduled_job_type.scheduled_job_type.run_scheduled_jo..., kwargs={'job_type': 'frappe.monitor.flush'}, method='frappe.core.doctype.scheduled_job_type.scheduled_job_type.run_scheduled_jo..., site='gosiru', user='Administrator') (gosiru::scheduled_job::frappe.monitor.flush)
2024-11-15 15:44:51,387 home-harshit-frappe-bench:default: Job OK (gosiru::scheduled_job::frappe.monitor.flush)
2024-11-15 15:44:51,388 Result is kept for 600 seconds
2024-11-15 15:44:51,396 home-harshit-frappe-bench:default: frappe.utils.background_jobs.execute_job(event=None, is_async=True, job_name='frappe.core.doctype.scheduled_job_type.scheduled_job_type.run_scheduled_jo..., kwargs={'job_type': 'frappe.email.queue.flush'}, method='frappe.core.doctype.scheduled_job_type.scheduled_job_type.run_scheduled_jo..., site='gosiru', user='Administrator') (gosiru::scheduled_job::frappe.email.queue.flush)
2024-11-15 15:44:51,714 home-harshit-frappe-bench:default: Job OK (gosiru::scheduled_job::frappe.email.queue.flush)
2024-11-15 15:44:51,714 Result is kept for 600 seconds
2024-11-15 15:45:51,051 home-harshit-frappe-bench:default: frappe.utils.background_jobs.execute_job(event=None, is_async=True, job_name='frappe.core.doctype.scheduled_job_type.scheduled_job_type.run_scheduled_jo..., kwargs={'job_type': 'erpnext.accounts.doctype.process_payment_reconciliation.proce..., method='frappe.core.doctype.scheduled_job_type.scheduled_job_type.run_scheduled_jo..., site='gosiru', user='Administrator') (gosiru::scheduled_job::erpnext.accounts.doctype.process_payment_reconciliation.process_payment_reconciliation.trigger_reconciliation_for_queued_docs)
2024-11-15 15:45:51,344 home-harshit-frappe-bench:default: Job OK (gosiru::scheduled_job::erpnext.accounts.doctype.process_payment_reconciliation.process_payment_reconciliation.trigger_reconciliation_for_queued_docs)
2024-11-15 15:45:51,344 Result is kept for 600 seconds
2024-11-15 15:45:51,353 home-harshit-frappe-bench:default: frappe.utils.background_jobs.execute_job(event=None, is_async=True, job_name='frappe.core.doctype.scheduled_job_type.scheduled_job_type.run_scheduled_jo..., kwargs={'job_type': 'erpnext.manufacturing.doctype.bom_update_log.bom_update_log.r..., method='frappe.core.doctype.scheduled_job_type.scheduled_job_type.run_scheduled_jo..., site='gosiru', user='Administrator') (gosiru::scheduled_job::erpnext.manufacturing.doctype.bom_update_log.bom_update_log.resume_bom_cost_update_jobs)
2024-11-15 15:45:51,585 home-harshit-frappe-bench:default: Job OK (gosiru::scheduled_job::erpnext.manufacturing.doctype.bom_update_log.bom_update_log.resume_bom_cost_update_jobs)
2024-11-15 15:45:51,585 Result is kept for 600 seconds
2024-11-15 15:45:51,593 home-harshit-frappe-bench:default: frappe.utils.background_jobs.execute_job(event=None, is_async=True, job_name='frappe.core.doctype.scheduled_job_type.scheduled_job_type.run_scheduled_jo..., kwargs={'job_type': 'frappe.deferred_insert.save_to_db'}, method='frappe.core.doctype.scheduled_job_type.scheduled_job_type.run_scheduled_jo..., site='gosiru', user='Administrator') (gosiru::scheduled_job::frappe.deferred_insert.save_to_db)
2024-11-15 15:45:51,827 home-harshit-frappe-bench:default: Job OK (gosiru::scheduled_job::frappe.deferred_insert.save_to_db)
2024-11-15 15:45:51,828 Result is kept for 600 seconds
2024-11-15 15:45:51,835 home-harshit-frappe-bench:default: frappe.utils.background_jobs.execute_job(event=None, is_async=True, job_name='frappe.core.doctype.scheduled_job_type.scheduled_job_type.run_scheduled_jo..., kwargs={'job_type': 'frappe.utils.global_search.sync_global_search'}, method='frappe.core.doctype.scheduled_job_type.scheduled_job_type.run_scheduled_jo..., site='gosiru', user='Administrator') (gosiru::scheduled_job::frappe.utils.global_search.sync_global_search)
2024-11-15 15:45:52,081 home-harshit-frappe-bench:default: Job OK (gosiru::scheduled_job::frappe.utils.global_search.sync_global_search)
2024-11-15 15:45:52,082 Result is kept for 600 seconds
2024-11-15 15:45:52,089 home-harshit-frappe-bench:default: frappe.utils.background_jobs.execute_job(event=None, is_async=True, job_name='frappe.core.doctype.scheduled_job_type.scheduled_job_type.run_scheduled_jo..., kwargs={'job_type': 'frappe.email.doctype.email_account.email_account.notify_unrep..., method='frappe.core.doctype.scheduled_job_type.scheduled_job_type.run_scheduled_jo..., site='gosiru', user='Administrator') (gosiru::scheduled_job::frappe.email.doctype.email_account.email_account.notify_unreplied)
2024-11-15 15:45:52,347 home-harshit-frappe-bench:default: Job OK (gosiru::scheduled_job::frappe.email.doctype.email_account.email_account.notify_unreplied)
2024-11-15 15:45:52,348 Result is kept for 600 seconds
2024-11-15 15:45:52,355 home-harshit-frappe-bench:default: frappe.utils.background_jobs.execute_job(event=None, is_async=True, job_name='frappe.core.doctype.scheduled_job_type.scheduled_job_type.run_scheduled_jo..., kwargs={'job_type': 'frappe.twofactor.delete_all_barcodes_for_users'}, method='frappe.core.doctype.scheduled_job_type.scheduled_job_type.run_scheduled_jo..., site='gosiru', user='Administrator') (gosiru::scheduled_job::frappe.twofactor.delete_all_barcodes_for_users)
2024-11-15 15:45:52,594 home-harshit-frappe-bench:default: Job OK (gosiru::scheduled_job::frappe.twofactor.delete_all_barcodes_for_users)
2024-11-15 15:45:52,595 Result is kept for 600 seconds
2024-11-15 15:45:52,602 home-harshit-frappe-bench:default: frappe.utils.background_jobs.execute_job(event=None, is_async=True, job_name='frappe.core.doctype.scheduled_job_type.scheduled_job_type.run_scheduled_jo..., kwargs={'job_type': 'frappe.website.doctype.web_page.web_page.check_publish_status..., method='frappe.core.doctype.scheduled_job_type.scheduled_job_type.run_scheduled_jo..., site='gosiru', user='Administrator') (gosiru::scheduled_job::frappe.website.doctype.web_page.web_page.check_publish_status)
2024-11-15 15:45:52,903 home-harshit-frappe-bench:default: Job OK (gosiru::scheduled_job::frappe.website.doctype.web_page.web_page.check_publish_status)
2024-11-15 15:45:52,903 Result is kept for 600 seconds
2024-11-15 15:45:52,911 home-harshit-frappe-bench:default: frappe.utils.background_jobs.execute_job(event=None, is_async=True, job_name='frappe.core.doctype.scheduled_job_type.scheduled_job_type.run_scheduled_jo..., kwargs={'job_type': 'frappe.oauth.delete_oauth2_data'}, method='frappe.core.doctype.scheduled_job_type.scheduled_job_type.run_scheduled_jo..., site='gosiru', user='Administrator') (gosiru::scheduled_job::frappe.oauth.delete_oauth2_data)
2024-11-15 15:45:53,162 home-harshit-frappe-bench:default: Job OK (gosiru::scheduled_job::frappe.oauth.delete_oauth2_data)
2024-11-15 15:45:53,162 Result is kept for 600 seconds
2024-11-15 15:48:51,615 home-harshit-frappe-bench:default: frappe.utils.background_jobs.execute_job(event=None, is_async=True, job_name='frappe.core.doctype.scheduled_job_type.scheduled_job_type.run_scheduled_jo..., kwargs={'job_type': 'frappe.automation.doctype.reminder.reminder.send_reminders'}, method='frappe.core.doctype.scheduled_job_type.scheduled_job_type.run_scheduled_jo..., site='gosiru', user='Administrator') (gosiru::scheduled_job::frappe.automation.doctype.reminder.reminder.send_reminders)
2024-11-15 15:48:51,833 home-harshit-frappe-bench:default: Job OK (gosiru::scheduled_job::frappe.automation.doctype.reminder.reminder.send_reminders)
2024-11-15 15:48:51,834 Result is kept for 600 seconds
2024-11-15 15:48:51,841 home-harshit-frappe-bench:default: frappe.utils.background_jobs.execute_job(event=None, is_async=True, job_name='frappe.core.doctype.scheduled_job_type.scheduled_job_type.run_scheduled_jo..., kwargs={'job_type': 'frappe.monitor.flush'}, method='frappe.core.doctype.scheduled_job_type.scheduled_job_type.run_scheduled_jo..., site='gosiru', user='Administrator') (gosiru::scheduled_job::frappe.monitor.flush)
2024-11-15 15:48:52,043 home-harshit-frappe-bench:default: Job OK (gosiru::scheduled_job::frappe.monitor.flush)
2024-11-15 15:48:52,043 Result is kept for 600 seconds
2024-11-15 15:48:52,050 home-harshit-frappe-bench:default: frappe.utils.background_jobs.execute_job(event=None, is_async=True, job_name='frappe.core.doctype.scheduled_job_type.scheduled_job_type.run_scheduled_jo..., kwargs={'job_type': 'frappe.email.queue.flush'}, method='frappe.core.doctype.scheduled_job_type.scheduled_job_type.run_scheduled_jo..., site='gosiru', user='Administrator') (gosiru::scheduled_job::frappe.email.queue.flush)
2024-11-15 15:48:52,360 home-harshit-frappe-bench:default: Job OK (gosiru::scheduled_job::frappe.email.queue.flush)
2024-11-15 15:48:52,360 Result is kept for 600 seconds
2024-11-15 15:50:51,947 home-harshit-frappe-bench:default: frappe.utils.background_jobs.execute_job(event=None, is_async=True, job_name='frappe.core.doctype.scheduled_job_type.scheduled_job_type.run_scheduled_jo..., kwargs={'job_type': 'frappe.email.doctype.email_account.email_account.pull'}, method='frappe.core.doctype.scheduled_job_type.scheduled_job_type.run_scheduled_jo..., site='gosiru', user='Administrator') (gosiru::scheduled_job::frappe.email.doctype.email_account.email_account.pull)
2024-11-15 15:50:52,216 home-harshit-frappe-bench:default: Job OK (gosiru::scheduled_job::frappe.email.doctype.email_account.email_account.pull)
2024-11-15 15:50:52,216 Result is kept for 600 seconds
2024-11-15 15:50:52,223 Cleaning registries for queue: home-harshit-frappe-bench:short
2024-11-15 15:50:52,224 Cleaning registries for queue: home-harshit-frappe-bench:default
2024-11-15 15:50:52,225 Cleaning registries for queue: home-harshit-frappe-bench:long
2024-11-15 15:52:52,226 home-harshit-frappe-bench:default: frappe.utils.background_jobs.execute_job(event=None, is_async=True, job_name='frappe.core.doctype.scheduled_job_type.scheduled_job_type.run_scheduled_jo..., kwargs={'job_type': 'frappe.automation.doctype.reminder.reminder.send_reminders'}, method='frappe.core.doctype.scheduled_job_type.scheduled_job_type.run_scheduled_jo..., site='gosiru', user='Administrator') (gosiru::scheduled_job::frappe.automation.doctype.reminder.reminder.send_reminders)
2024-11-15 15:52:52,460 home-harshit-frappe-bench:default: Job OK (gosiru::scheduled_job::frappe.automation.doctype.reminder.reminder.send_reminders)
2024-11-15 15:52:52,460 Result is kept for 600 seconds
2024-11-15 15:52:52,467 home-harshit-frappe-bench:default: frappe.utils.background_jobs.execute_job(event=None, is_async=True, job_name='frappe.core.doctype.scheduled_job_type.scheduled_job_type.run_scheduled_jo..., kwargs={'job_type': 'frappe.monitor.flush'}, method='frappe.core.doctype.scheduled_job_type.scheduled_job_type.run_scheduled_jo..., site='gosiru', user='Administrator') (gosiru::scheduled_job::frappe.monitor.flush)
2024-11-15 15:52:52,670 home-harshit-frappe-bench:default: Job OK (gosiru::scheduled_job::frappe.monitor.flush)
2024-11-15 15:52:52,670 Result is kept for 600 seconds
2024-11-15 15:52:52,678 home-harshit-frappe-bench:default: frappe.utils.background_jobs.execute_job(event=None, is_async=True, job_name='frappe.core.doctype.scheduled_job_type.scheduled_job_type.run_scheduled_jo..., kwargs={'job_type': 'frappe.email.queue.flush'}, method='frappe.core.doctype.scheduled_job_type.scheduled_job_type.run_scheduled_jo..., site='gosiru', user='Administrator') (gosiru::scheduled_job::frappe.email.queue.flush)
2024-11-15 15:52:52,974 home-harshit-frappe-bench:default: Job OK (gosiru::scheduled_job::frappe.email.queue.flush)
2024-11-15 15:52:52,974 Result is kept for 600 seconds
2024-11-15 15:56:52,826 home-harshit-frappe-bench:default: frappe.utils.background_jobs.execute_job(event=None, is_async=True, job_name='frappe.core.doctype.scheduled_job_type.scheduled_job_type.run_scheduled_jo..., kwargs={'job_type': 'frappe.automation.doctype.reminder.reminder.send_reminders'}, method='frappe.core.doctype.scheduled_job_type.scheduled_job_type.run_scheduled_jo..., site='gosiru', user='Administrator') (gosiru::scheduled_job::frappe.automation.doctype.reminder.reminder.send_reminders)
2024-11-15 15:56:53,065 home-harshit-frappe-bench:default: Job OK (gosiru::scheduled_job::frappe.automation.doctype.reminder.reminder.send_reminders)
2024-11-15 15:56:53,065 Result is kept for 600 seconds
2024-11-15 15:56:53,075 home-harshit-frappe-bench:default: frappe.utils.background_jobs.execute_job(event=None, is_async=True, job_name='frappe.core.doctype.scheduled_job_type.scheduled_job_type.run_scheduled_jo..., kwargs={'job_type': 'frappe.monitor.flush'}, method='frappe.core.doctype.scheduled_job_type.scheduled_job_type.run_scheduled_jo..., site='gosiru', user='Administrator') (gosiru::scheduled_job::frappe.monitor.flush)
2024-11-15 15:56:53,287 home-harshit-frappe-bench:default: Job OK (gosiru::scheduled_job::frappe.monitor.flush)
2024-11-15 15:56:53,287 Result is kept for 600 seconds
2024-11-15 15:56:53,296 home-harshit-frappe-bench:default: frappe.utils.background_jobs.execute_job(event=None, is_async=True, job_name='frappe.core.doctype.scheduled_job_type.scheduled_job_type.run_scheduled_jo..., kwargs={'job_type': 'frappe.email.queue.flush'}, method='frappe.core.doctype.scheduled_job_type.scheduled_job_type.run_scheduled_jo..., site='gosiru', user='Administrator') (gosiru::scheduled_job::frappe.email.queue.flush)
2024-11-15 15:56:53,618 home-harshit-frappe-bench:default: Job OK (gosiru::scheduled_job::frappe.email.queue.flush)
2024-11-15 15:56:53,618 Result is kept for 600 seconds
2024-11-15 16:00:53,385 home-harshit-frappe-bench:default: frappe.utils.background_jobs.execute_job(event=None, is_async=True, job_name='frappe.core.doctype.scheduled_job_type.scheduled_job_type.run_scheduled_jo..., kwargs={'job_type': 'erpnext.projects.doctype.project.project.collect_project_stat..., method='frappe.core.doctype.scheduled_job_type.scheduled_job_type.run_scheduled_jo..., site='gosiru', user='Administrator') (gosiru::scheduled_job::erpnext.projects.doctype.project.project.collect_project_status)
2024-11-15 16:00:53,765 home-harshit-frappe-bench:default: Job OK (gosiru::scheduled_job::erpnext.projects.doctype.project.project.collect_project_status)
2024-11-15 16:00:53,765 Result is kept for 600 seconds
2024-11-15 16:00:53,773 home-harshit-frappe-bench:default: frappe.utils.background_jobs.execute_job(event=None, is_async=True, job_name='frappe.core.doctype.scheduled_job_type.scheduled_job_type.run_scheduled_jo..., kwargs={'job_type': 'erpnext.projects.doctype.project.project.hourly_reminder'}, method='frappe.core.doctype.scheduled_job_type.scheduled_job_type.run_scheduled_jo..., site='gosiru', user='Administrator') (gosiru::scheduled_job::erpnext.projects.doctype.project.project.hourly_reminder)
2024-11-15 16:00:54,084 home-harshit-frappe-bench:default: Job OK (gosiru::scheduled_job::erpnext.projects.doctype.project.project.hourly_reminder)
2024-11-15 16:00:54,084 Result is kept for 600 seconds
2024-11-15 16:00:54,093 home-harshit-frappe-bench:default: frappe.utils.background_jobs.execute_job(event=None, is_async=True, job_name='frappe.core.doctype.scheduled_job_type.scheduled_job_type.run_scheduled_jo..., kwargs={'job_type': 'erpnext.projects.doctype.project.project.project_status_updat..., method='frappe.core.doctype.scheduled_job_type.scheduled_job_type.run_scheduled_jo..., site='gosiru', user='Administrator') (gosiru::scheduled_job::erpnext.projects.doctype.project.project.project_status_update_reminder)
2024-11-15 16:00:54,362 home-harshit-frappe-bench:default: Job OK (gosiru::scheduled_job::erpnext.projects.doctype.project.project.project_status_update_reminder)
2024-11-15 16:00:54,362 Result is kept for 600 seconds
2024-11-15 16:00:54,370 home-harshit-frappe-bench:default: frappe.utils.background_jobs.execute_job(event=None, is_async=True, job_name='frappe.core.doctype.scheduled_job_type.scheduled_job_type.run_scheduled_jo..., kwargs={'job_type': 'erpnext.erpnext_integrations.doctype.plaid_settings.plaid_set..., method='frappe.core.doctype.scheduled_job_type.scheduled_job_type.run_scheduled_jo..., site='gosiru', user='Administrator') (gosiru::scheduled_job::erpnext.erpnext_integrations.doctype.plaid_settings.plaid_settings.automatic_synchronization)
2024-11-15 16:00:54,663 home-harshit-frappe-bench:default: Job OK (gosiru::scheduled_job::erpnext.erpnext_integrations.doctype.plaid_settings.plaid_settings.automatic_synchronization)
2024-11-15 16:00:54,663 Result is kept for 600 seconds
2024-11-15 16:00:54,672 home-harshit-frappe-bench:default: frappe.utils.background_jobs.execute_job(event=None, is_async=True, job_name='frappe.core.doctype.scheduled_job_type.scheduled_job_type.run_scheduled_jo..., kwargs={'job_type': 'erpnext.utilities.doctype.video.video.update_youtube_data'}, method='frappe.core.doctype.scheduled_job_type.scheduled_job_type.run_scheduled_jo..., site='gosiru', user='Administrator') (gosiru::scheduled_job::erpnext.utilities.doctype.video.video.update_youtube_data)
2024-11-15 16:00:55,010 home-harshit-frappe-bench:default: Job OK (gosiru::scheduled_job::erpnext.utilities.doctype.video.video.update_youtube_data)
2024-11-15 16:00:55,011 Result is kept for 600 seconds
2024-11-15 16:00:55,022 home-harshit-frappe-bench:default: frappe.utils.background_jobs.execute_job(event=None, is_async=True, job_name='frappe.core.doctype.scheduled_job_type.scheduled_job_type.run_scheduled_jo..., kwargs={'job_type': 'erpnext.accounts.doctype.process_payment_reconciliation.proce..., method='frappe.core.doctype.scheduled_job_type.scheduled_job_type.run_scheduled_jo..., site='gosiru', user='Administrator') (gosiru::scheduled_job::erpnext.accounts.doctype.process_payment_reconciliation.process_payment_reconciliation.trigger_reconciliation_for_queued_docs)
2024-11-15 16:00:55,314 home-harshit-frappe-bench:default: Job OK (gosiru::scheduled_job::erpnext.accounts.doctype.process_payment_reconciliation.process_payment_reconciliation.trigger_reconciliation_for_queued_docs)
2024-11-15 16:00:55,315 Result is kept for 600 seconds
2024-11-15 16:00:55,325 home-harshit-frappe-bench:default: frappe.utils.background_jobs.execute_job(event=None, is_async=True, job_name='frappe.core.doctype.scheduled_job_type.scheduled_job_type.run_scheduled_jo..., kwargs={'job_type': 'erpnext.manufacturing.doctype.bom_update_log.bom_update_log.r..., method='frappe.core.doctype.scheduled_job_type.scheduled_job_type.run_scheduled_jo..., site='gosiru', user='Administrator') (gosiru::scheduled_job::erpnext.manufacturing.doctype.bom_update_log.bom_update_log.resume_bom_cost_update_jobs)
2024-11-15 16:00:55,595 home-harshit-frappe-bench:default: Job OK (gosiru::scheduled_job::erpnext.manufacturing.doctype.bom_update_log.bom_update_log.resume_bom_cost_update_jobs)
2024-11-15 16:00:55,595 Result is kept for 600 seconds
2024-11-15 16:00:55,603 home-harshit-frappe-bench:default: frappe.utils.background_jobs.execute_job(event=None, is_async=True, job_name='frappe.core.doctype.scheduled_job_type.scheduled_job_type.run_scheduled_jo..., kwargs={'job_type': 'frappe.website.doctype.personal_data_deletion_request.persona..., method='frappe.core.doctype.scheduled_job_type.scheduled_job_type.run_scheduled_jo..., site='gosiru', user='Administrator') (gosiru::scheduled_job::frappe.website.doctype.personal_data_deletion_request.personal_data_deletion_request.process_data_deletion_request)
2024-11-15 16:00:55,918 home-harshit-frappe-bench:default: Job OK (gosiru::scheduled_job::frappe.website.doctype.personal_data_deletion_request.personal_data_deletion_request.process_data_deletion_request)
2024-11-15 16:00:55,919 Result is kept for 600 seconds
2024-11-15 16:00:55,926 home-harshit-frappe-bench:default: frappe.utils.background_jobs.execute_job(event=None, is_async=True, job_name='frappe.core.doctype.scheduled_job_type.scheduled_job_type.run_scheduled_jo..., kwargs={'job_type': 'frappe.email.doctype.newsletter.newsletter.send_scheduled_ema..., method='frappe.core.doctype.scheduled_job_type.scheduled_job_type.run_scheduled_jo..., site='gosiru', user='Administrator') (gosiru::scheduled_job::frappe.email.doctype.newsletter.newsletter.send_scheduled_email)
2024-11-15 16:00:56,253 home-harshit-frappe-bench:default: Job OK (gosiru::scheduled_job::frappe.email.doctype.newsletter.newsletter.send_scheduled_email)
2024-11-15 16:00:56,253 Result is kept for 600 seconds
2024-11-15 16:00:56,261 home-harshit-frappe-bench:default: frappe.utils.background_jobs.execute_job(event=None, is_async=True, job_name='frappe.core.doctype.scheduled_job_type.scheduled_job_type.run_scheduled_jo..., kwargs={'job_type': 'frappe.integrations.doctype.google_calendar.google_calendar.s..., method='frappe.core.doctype.scheduled_job_type.scheduled_job_type.run_scheduled_jo..., site='gosiru', user='Administrator') (gosiru::scheduled_job::frappe.integrations.doctype.google_calendar.google_calendar.sync)
2024-11-15 16:00:56,731 home-harshit-frappe-bench:default: Job OK (gosiru::scheduled_job::frappe.integrations.doctype.google_calendar.google_calendar.sync)
2024-11-15 16:00:56,731 Result is kept for 600 seconds
2024-11-15 16:00:56,742 home-harshit-frappe-bench:default: frappe.utils.background_jobs.execute_job(event=None, is_async=True, job_name='frappe.core.doctype.scheduled_job_type.scheduled_job_type.run_scheduled_jo..., kwargs={'job_type': 'frappe.desk.form.document_follow.send_hourly_updates'}, method='frappe.core.doctype.scheduled_job_type.scheduled_job_type.run_scheduled_jo..., site='gosiru', user='Administrator') (gosiru::scheduled_job::frappe.desk.form.document_follow.send_hourly_updates)
2024-11-15 16:00:57,004 home-harshit-frappe-bench:default: Job OK (gosiru::scheduled_job::frappe.desk.form.document_follow.send_hourly_updates)
2024-11-15 16:00:57,004 Result is kept for 600 seconds
2024-11-15 16:00:57,019 home-harshit-frappe-bench:default: frappe.utils.background_jobs.execute_job(event=None, is_async=True, job_name='frappe.core.doctype.scheduled_job_type.scheduled_job_type.run_scheduled_jo..., kwargs={'job_type': 'frappe.desk.page.backups.backups.delete_downloadable_backups'..., method='frappe.core.doctype.scheduled_job_type.scheduled_job_type.run_scheduled_jo..., site='gosiru', user='Administrator') (gosiru::scheduled_job::frappe.desk.page.backups.backups.delete_downloadable_backups)
2024-11-15 16:00:57,319 home-harshit-frappe-bench:default: Job OK (gosiru::scheduled_job::frappe.desk.page.backups.backups.delete_downloadable_backups)
2024-11-15 16:00:57,319 Result is kept for 600 seconds
2024-11-15 16:00:57,328 home-harshit-frappe-bench:default: frappe.utils.background_jobs.execute_job(event=None, is_async=True, job_name='frappe.core.doctype.scheduled_job_type.scheduled_job_type.run_scheduled_jo..., kwargs={'job_type': 'frappe.model.utils.user_settings.sync_user_settings'}, method='frappe.core.doctype.scheduled_job_type.scheduled_job_type.run_scheduled_jo..., site='gosiru', user='Administrator') (gosiru::scheduled_job::frappe.model.utils.user_settings.sync_user_settings)
2024-11-15 16:00:57,580 home-harshit-frappe-bench:default: Job OK (gosiru::scheduled_job::frappe.model.utils.user_settings.sync_user_settings)
2024-11-15 16:00:57,580 Result is kept for 600 seconds
2024-11-15 16:00:57,593 home-harshit-frappe-bench:default: frappe.utils.background_jobs.execute_job(event=None, is_async=True, job_name='frappe.core.doctype.scheduled_job_type.scheduled_job_type.run_scheduled_jo..., kwargs={'job_type': 'frappe.model.utils.link_count.update_link_count'}, method='frappe.core.doctype.scheduled_job_type.scheduled_job_type.run_scheduled_jo..., site='gosiru', user='Administrator') (gosiru::scheduled_job::frappe.model.utils.link_count.update_link_count)
2024-11-15 16:00:57,857 home-harshit-frappe-bench:default: Job OK (gosiru::scheduled_job::frappe.model.utils.link_count.update_link_count)
2024-11-15 16:00:57,857 Result is kept for 600 seconds
2024-11-15 16:00:57,865 home-harshit-frappe-bench:default: frappe.utils.background_jobs.execute_job(event=None, is_async=True, job_name='frappe.core.doctype.scheduled_job_type.scheduled_job_type.run_scheduled_jo..., kwargs={'job_type': 'frappe.automation.doctype.reminder.reminder.send_reminders'}, method='frappe.core.doctype.scheduled_job_type.scheduled_job_type.run_scheduled_jo..., site='gosiru', user='Administrator') (gosiru::scheduled_job::frappe.automation.doctype.reminder.reminder.send_reminders)
2024-11-15 16:00:58,082 home-harshit-frappe-bench:default: Job OK (gosiru::scheduled_job::frappe.automation.doctype.reminder.reminder.send_reminders)
2024-11-15 16:00:58,082 Result is kept for 600 seconds
2024-11-15 16:00:58,089 home-harshit-frappe-bench:default: frappe.utils.background_jobs.execute_job(event=None, is_async=True, job_name='frappe.core.doctype.scheduled_job_type.scheduled_job_type.run_scheduled_jo..., kwargs={'job_type': 'frappe.monitor.flush'}, method='frappe.core.doctype.scheduled_job_type.scheduled_job_type.run_scheduled_jo..., site='gosiru', user='Administrator') (gosiru::scheduled_job::frappe.monitor.flush)
2024-11-15 16:00:58,311 home-harshit-frappe-bench:default: Job OK (gosiru::scheduled_job::frappe.monitor.flush)
2024-11-15 16:00:58,311 Result is kept for 600 seconds
2024-11-15 16:00:58,319 home-harshit-frappe-bench:default: frappe.utils.background_jobs.execute_job(event=None, is_async=True, job_name='frappe.core.doctype.scheduled_job_type.scheduled_job_type.run_scheduled_jo..., kwargs={'job_type': 'frappe.email.queue.flush'}, method='frappe.core.doctype.scheduled_job_type.scheduled_job_type.run_scheduled_jo..., site='gosiru', user='Administrator') (gosiru::scheduled_job::frappe.email.queue.flush)
2024-11-15 16:00:58,622 home-harshit-frappe-bench:default: Job OK (gosiru::scheduled_job::frappe.email.queue.flush)
2024-11-15 16:00:58,622 Result is kept for 600 seconds
2024-11-15 16:00:58,633 home-harshit-frappe-bench:default: frappe.utils.background_jobs.execute_job(event=None, is_async=True, job_name='frappe.core.doctype.scheduled_job_type.scheduled_job_type.run_scheduled_jo..., kwargs={'job_type': 'frappe.email.doctype.email_account.email_account.pull'}, method='frappe.core.doctype.scheduled_job_type.scheduled_job_type.run_scheduled_jo..., site='gosiru', user='Administrator') (gosiru::scheduled_job::frappe.email.doctype.email_account.email_account.pull)
2024-11-15 16:00:58,907 home-harshit-frappe-bench:default: Job OK (gosiru::scheduled_job::frappe.email.doctype.email_account.email_account.pull)
2024-11-15 16:00:58,907 Result is kept for 600 seconds
2024-11-15 16:00:58,915 home-harshit-frappe-bench:default: frappe.utils.background_jobs.execute_job(event=None, is_async=True, job_name='frappe.core.doctype.scheduled_job_type.scheduled_job_type.run_scheduled_jo..., kwargs={'job_type': 'frappe.deferred_insert.save_to_db'}, method='frappe.core.doctype.scheduled_job_type.scheduled_job_type.run_scheduled_jo..., site='gosiru', user='Administrator') (gosiru::scheduled_job::frappe.deferred_insert.save_to_db)
2024-11-15 16:00:59,194 home-harshit-frappe-bench:default: Job OK (gosiru::scheduled_job::frappe.deferred_insert.save_to_db)
2024-11-15 16:00:59,195 Result is kept for 600 seconds
2024-11-15 16:00:59,202 home-harshit-frappe-bench:default: frappe.utils.background_jobs.execute_job(event=None, is_async=True, job_name='frappe.core.doctype.scheduled_job_type.scheduled_job_type.run_scheduled_jo..., kwargs={'job_type': 'frappe.utils.global_search.sync_global_search'}, method='frappe.core.doctype.scheduled_job_type.scheduled_job_type.run_scheduled_jo..., site='gosiru', user='Administrator') (gosiru::scheduled_job::frappe.utils.global_search.sync_global_search)
2024-11-15 16:00:59,483 home-harshit-frappe-bench:default: Job OK (gosiru::scheduled_job::frappe.utils.global_search.sync_global_search)
2024-11-15 16:00:59,483 Result is kept for 600 seconds
2024-11-15 16:00:59,493 home-harshit-frappe-bench:default: frappe.utils.background_jobs.execute_job(event=None, is_async=True, job_name='frappe.core.doctype.scheduled_job_type.scheduled_job_type.run_scheduled_jo..., kwargs={'job_type': 'frappe.email.doctype.email_account.email_account.notify_unrep..., method='frappe.core.doctype.scheduled_job_type.scheduled_job_type.run_scheduled_jo..., site='gosiru', user='Administrator') (gosiru::scheduled_job::frappe.email.doctype.email_account.email_account.notify_unreplied)
2024-11-15 16:00:59,781 home-harshit-frappe-bench:default: Job OK (gosiru::scheduled_job::frappe.email.doctype.email_account.email_account.notify_unreplied)
2024-11-15 16:00:59,781 Result is kept for 600 seconds
2024-11-15 16:00:59,789 home-harshit-frappe-bench:default: frappe.utils.background_jobs.execute_job(event=None, is_async=True, job_name='frappe.core.doctype.scheduled_job_type.scheduled_job_type.run_scheduled_jo..., kwargs={'job_type': 'frappe.twofactor.delete_all_barcodes_for_users'}, method='frappe.core.doctype.scheduled_job_type.scheduled_job_type.run_scheduled_jo..., site='gosiru', user='Administrator') (gosiru::scheduled_job::frappe.twofactor.delete_all_barcodes_for_users)
2024-11-15 16:01:00,028 home-harshit-frappe-bench:default: Job OK (gosiru::scheduled_job::frappe.twofactor.delete_all_barcodes_for_users)
2024-11-15 16:01:00,028 Result is kept for 600 seconds
2024-11-15 16:01:00,035 home-harshit-frappe-bench:default: frappe.utils.background_jobs.execute_job(event=None, is_async=True, job_name='frappe.core.doctype.scheduled_job_type.scheduled_job_type.run_scheduled_jo..., kwargs={'job_type': 'frappe.website.doctype.web_page.web_page.check_publish_status..., method='frappe.core.doctype.scheduled_job_type.scheduled_job_type.run_scheduled_jo..., site='gosiru', user='Administrator') (gosiru::scheduled_job::frappe.website.doctype.web_page.web_page.check_publish_status)
2024-11-15 16:01:00,355 home-harshit-frappe-bench:default: Job OK (gosiru::scheduled_job::frappe.website.doctype.web_page.web_page.check_publish_status)
2024-11-15 16:01:00,355 Result is kept for 600 seconds
2024-11-15 16:01:00,365 home-harshit-frappe-bench:default: frappe.utils.background_jobs.execute_job(event=None, is_async=True, job_name='frappe.core.doctype.scheduled_job_type.scheduled_job_type.run_scheduled_jo..., kwargs={'job_type': 'frappe.oauth.delete_oauth2_data'}, method='frappe.core.doctype.scheduled_job_type.scheduled_job_type.run_scheduled_jo..., site='gosiru', user='Administrator') (gosiru::scheduled_job::frappe.oauth.delete_oauth2_data)
2024-11-15 16:01:00,643 home-harshit-frappe-bench:default: Job OK (gosiru::scheduled_job::frappe.oauth.delete_oauth2_data)
2024-11-15 16:01:00,643 Result is kept for 600 seconds
2024-11-15 16:02:53,793 home-harshit-frappe-bench:long: frappe.utils.background_jobs.execute_job(event=None, is_async=True, job_name='frappe.core.doctype.scheduled_job_type.scheduled_job_type.run_scheduled_jo..., kwargs={'job_type': 'erpnext.utilities.bulk_transaction.retry'}, method='frappe.core.doctype.scheduled_job_type.scheduled_job_type.run_scheduled_jo..., site='gosiru', user='Administrator') (gosiru::scheduled_job::erpnext.utilities.bulk_transaction.retry)
2024-11-15 16:02:54,067 home-harshit-frappe-bench:long: Job OK (gosiru::scheduled_job::erpnext.utilities.bulk_transaction.retry)
2024-11-15 16:02:54,067 Result is kept for 600 seconds
2024-11-15 16:03:53,946 home-harshit-frappe-bench:long: frappe.utils.background_jobs.execute_job(event=None, is_async=True, job_name='frappe.core.doctype.scheduled_job_type.scheduled_job_type.run_scheduled_jo..., kwargs={'job_type': 'erpnext.stock.doctype.repost_item_valuation.repost_item_valua..., method='frappe.core.doctype.scheduled_job_type.scheduled_job_type.run_scheduled_jo..., site='gosiru', user='Administrator') (gosiru::scheduled_job::erpnext.stock.doctype.repost_item_valuation.repost_item_valuation.repost_entries)
2024-11-15 16:03:54,317 home-harshit-frappe-bench:long: Job OK (gosiru::scheduled_job::erpnext.stock.doctype.repost_item_valuation.repost_item_valuation.repost_entries)
2024-11-15 16:03:54,317 Result is kept for 600 seconds
2024-11-15 16:04:54,334 home-harshit-frappe-bench:default: frappe.utils.background_jobs.execute_job(event=None, is_async=True, job_name='frappe.core.doctype.scheduled_job_type.scheduled_job_type.run_scheduled_jo..., kwargs={'job_type': 'frappe.automation.doctype.reminder.reminder.send_reminders'}, method='frappe.core.doctype.scheduled_job_type.scheduled_job_type.run_scheduled_jo..., site='gosiru', user='Administrator') (gosiru::scheduled_job::frappe.automation.doctype.reminder.reminder.send_reminders)
2024-11-15 16:04:54,570 home-harshit-frappe-bench:default: Job OK (gosiru::scheduled_job::frappe.automation.doctype.reminder.reminder.send_reminders)
2024-11-15 16:04:54,570 Result is kept for 600 seconds
2024-11-15 16:04:54,579 home-harshit-frappe-bench:default: frappe.utils.background_jobs.execute_job(event=None, is_async=True, job_name='frappe.core.doctype.scheduled_job_type.scheduled_job_type.run_scheduled_jo..., kwargs={'job_type': 'frappe.monitor.flush'}, method='frappe.core.doctype.scheduled_job_type.scheduled_job_type.run_scheduled_jo..., site='gosiru', user='Administrator') (gosiru::scheduled_job::frappe.monitor.flush)
2024-11-15 16:04:54,805 home-harshit-frappe-bench:default: Job OK (gosiru::scheduled_job::frappe.monitor.flush)
2024-11-15 16:04:54,805 Result is kept for 600 seconds
2024-11-15 16:04:54,817 home-harshit-frappe-bench:default: frappe.utils.background_jobs.execute_job(event=None, is_async=True, job_name='frappe.core.doctype.scheduled_job_type.scheduled_job_type.run_scheduled_jo..., kwargs={'job_type': 'frappe.email.queue.flush'}, method='frappe.core.doctype.scheduled_job_type.scheduled_job_type.run_scheduled_jo..., site='gosiru', user='Administrator') (gosiru::scheduled_job::frappe.email.queue.flush)
2024-11-15 16:04:55,107 home-harshit-frappe-bench:default: Job OK (gosiru::scheduled_job::frappe.email.queue.flush)
2024-11-15 16:04:55,107 Result is kept for 600 seconds
2024-11-15 16:08:54,954 home-harshit-frappe-bench:default: frappe.utils.background_jobs.execute_job(event=None, is_async=True, job_name='frappe.core.doctype.scheduled_job_type.scheduled_job_type.run_scheduled_jo..., kwargs={'job_type': 'frappe.automation.doctype.reminder.reminder.send_reminders'}, method='frappe.core.doctype.scheduled_job_type.scheduled_job_type.run_scheduled_jo..., site='gosiru', user='Administrator') (gosiru::scheduled_job::frappe.automation.doctype.reminder.reminder.send_reminders)
2024-11-15 16:08:55,172 home-harshit-frappe-bench:default: Job OK (gosiru::scheduled_job::frappe.automation.doctype.reminder.reminder.send_reminders)
2024-11-15 16:08:55,173 Result is kept for 600 seconds
2024-11-15 16:08:55,180 home-harshit-frappe-bench:default: frappe.utils.background_jobs.execute_job(event=None, is_async=True, job_name='frappe.core.doctype.scheduled_job_type.scheduled_job_type.run_scheduled_jo..., kwargs={'job_type': 'frappe.monitor.flush'}, method='frappe.core.doctype.scheduled_job_type.scheduled_job_type.run_scheduled_jo..., site='gosiru', user='Administrator') (gosiru::scheduled_job::frappe.monitor.flush)
2024-11-15 16:08:55,383 home-harshit-frappe-bench:default: Job OK (gosiru::scheduled_job::frappe.monitor.flush)
2024-11-15 16:08:55,384 Result is kept for 600 seconds
2024-11-15 16:08:55,390 home-harshit-frappe-bench:default: frappe.utils.background_jobs.execute_job(event=None, is_async=True, job_name='frappe.core.doctype.scheduled_job_type.scheduled_job_type.run_scheduled_jo..., kwargs={'job_type': 'frappe.email.queue.flush'}, method='frappe.core.doctype.scheduled_job_type.scheduled_job_type.run_scheduled_jo..., site='gosiru', user='Administrator') (gosiru::scheduled_job::frappe.email.queue.flush)
2024-11-15 16:08:55,673 home-harshit-frappe-bench:default: Job OK (gosiru::scheduled_job::frappe.email.queue.flush)
2024-11-15 16:08:55,673 Result is kept for 600 seconds
2024-11-15 16:10:55,283 home-harshit-frappe-bench:default: frappe.utils.background_jobs.execute_job(event=None, is_async=True, job_name='frappe.core.doctype.scheduled_job_type.scheduled_job_type.run_scheduled_jo..., kwargs={'job_type': 'frappe.email.doctype.email_account.email_account.pull'}, method='frappe.core.doctype.scheduled_job_type.scheduled_job_type.run_scheduled_jo..., site='gosiru', user='Administrator') (gosiru::scheduled_job::frappe.email.doctype.email_account.email_account.pull)
2024-11-15 16:10:55,537 home-harshit-frappe-bench:default: Job OK (gosiru::scheduled_job::frappe.email.doctype.email_account.email_account.pull)
2024-11-15 16:10:55,537 Result is kept for 600 seconds
2024-11-15 16:10:55,544 Cleaning registries for queue: home-harshit-frappe-bench:short
2024-11-15 16:10:55,545 Cleaning registries for queue: home-harshit-frappe-bench:default
2024-11-15 16:10:55,546 Cleaning registries for queue: home-harshit-frappe-bench:long
2024-11-15 16:12:55,589 home-harshit-frappe-bench:default: frappe.utils.background_jobs.execute_job(event=None, is_async=True, job_name='frappe.core.doctype.scheduled_job_type.scheduled_job_type.run_scheduled_jo..., kwargs={'job_type': 'frappe.automation.doctype.reminder.reminder.send_reminders'}, method='frappe.core.doctype.scheduled_job_type.scheduled_job_type.run_scheduled_jo..., site='gosiru', user='Administrator') (gosiru::scheduled_job::frappe.automation.doctype.reminder.reminder.send_reminders)
2024-11-15 16:12:55,814 home-harshit-frappe-bench:default: Job OK (gosiru::scheduled_job::frappe.automation.doctype.reminder.reminder.send_reminders)
2024-11-15 16:12:55,815 Result is kept for 600 seconds
2024-11-15 16:12:55,823 home-harshit-frappe-bench:default: frappe.utils.background_jobs.execute_job(event=None, is_async=True, job_name='frappe.core.doctype.scheduled_job_type.scheduled_job_type.run_scheduled_jo..., kwargs={'job_type': 'frappe.monitor.flush'}, method='frappe.core.doctype.scheduled_job_type.scheduled_job_type.run_scheduled_jo..., site='gosiru', user='Administrator') (gosiru::scheduled_job::frappe.monitor.flush)
2024-11-15 16:12:56,033 home-harshit-frappe-bench:default: Job OK (gosiru::scheduled_job::frappe.monitor.flush)
2024-11-15 16:12:56,033 Result is kept for 600 seconds
2024-11-15 16:12:56,041 home-harshit-frappe-bench:default: frappe.utils.background_jobs.execute_job(event=None, is_async=True, job_name='frappe.core.doctype.scheduled_job_type.scheduled_job_type.run_scheduled_jo..., kwargs={'job_type': 'frappe.email.queue.flush'}, method='frappe.core.doctype.scheduled_job_type.scheduled_job_type.run_scheduled_jo..., site='gosiru', user='Administrator') (gosiru::scheduled_job::frappe.email.queue.flush)
2024-11-15 16:12:56,345 home-harshit-frappe-bench:default: Job OK (gosiru::scheduled_job::frappe.email.queue.flush)
2024-11-15 16:12:56,345 Result is kept for 600 seconds
2024-11-15 16:15:56,014 home-harshit-frappe-bench:default: frappe.utils.background_jobs.execute_job(event=None, is_async=True, job_name='frappe.core.doctype.scheduled_job_type.scheduled_job_type.run_scheduled_jo..., kwargs={'job_type': 'erpnext.accounts.doctype.process_payment_reconciliation.proce..., method='frappe.core.doctype.scheduled_job_type.scheduled_job_type.run_scheduled_jo..., site='gosiru', user='Administrator') (gosiru::scheduled_job::erpnext.accounts.doctype.process_payment_reconciliation.process_payment_reconciliation.trigger_reconciliation_for_queued_docs)
2024-11-15 16:15:56,290 home-harshit-frappe-bench:default: Job OK (gosiru::scheduled_job::erpnext.accounts.doctype.process_payment_reconciliation.process_payment_reconciliation.trigger_reconciliation_for_queued_docs)
2024-11-15 16:15:56,290 Result is kept for 600 seconds
2024-11-15 16:15:56,299 home-harshit-frappe-bench:default: frappe.utils.background_jobs.execute_job(event=None, is_async=True, job_name='frappe.core.doctype.scheduled_job_type.scheduled_job_type.run_scheduled_jo..., kwargs={'job_type': 'erpnext.manufacturing.doctype.bom_update_log.bom_update_log.r..., method='frappe.core.doctype.scheduled_job_type.scheduled_job_type.run_scheduled_jo..., site='gosiru', user='Administrator') (gosiru::scheduled_job::erpnext.manufacturing.doctype.bom_update_log.bom_update_log.resume_bom_cost_update_jobs)
2024-11-15 16:15:56,540 home-harshit-frappe-bench:default: Job OK (gosiru::scheduled_job::erpnext.manufacturing.doctype.bom_update_log.bom_update_log.resume_bom_cost_update_jobs)
2024-11-15 16:15:56,540 Result is kept for 600 seconds
2024-11-15 16:15:56,547 home-harshit-frappe-bench:default: frappe.utils.background_jobs.execute_job(event=None, is_async=True, job_name='frappe.core.doctype.scheduled_job_type.scheduled_job_type.run_scheduled_jo..., kwargs={'job_type': 'frappe.deferred_insert.save_to_db'}, method='frappe.core.doctype.scheduled_job_type.scheduled_job_type.run_scheduled_jo..., site='gosiru', user='Administrator') (gosiru::scheduled_job::frappe.deferred_insert.save_to_db)
2024-11-15 16:15:56,794 home-harshit-frappe-bench:default: Job OK (gosiru::scheduled_job::frappe.deferred_insert.save_to_db)
2024-11-15 16:15:56,795 Result is kept for 600 seconds
2024-11-15 16:15:56,803 home-harshit-frappe-bench:default: frappe.utils.background_jobs.execute_job(event=None, is_async=True, job_name='frappe.core.doctype.scheduled_job_type.scheduled_job_type.run_scheduled_jo..., kwargs={'job_type': 'frappe.utils.global_search.sync_global_search'}, method='frappe.core.doctype.scheduled_job_type.scheduled_job_type.run_scheduled_jo..., site='gosiru', user='Administrator') (gosiru::scheduled_job::frappe.utils.global_search.sync_global_search)
2024-11-15 16:15:57,023 home-harshit-frappe-bench:default: Job OK (gosiru::scheduled_job::frappe.utils.global_search.sync_global_search)
2024-11-15 16:15:57,023 Result is kept for 600 seconds
2024-11-15 16:15:57,031 home-harshit-frappe-bench:default: frappe.utils.background_jobs.execute_job(event=None, is_async=True, job_name='frappe.core.doctype.scheduled_job_type.scheduled_job_type.run_scheduled_jo..., kwargs={'job_type': 'frappe.email.doctype.email_account.email_account.notify_unrep..., method='frappe.core.doctype.scheduled_job_type.scheduled_job_type.run_scheduled_jo..., site='gosiru', user='Administrator') (gosiru::scheduled_job::frappe.email.doctype.email_account.email_account.notify_unreplied)
2024-11-15 16:15:57,281 home-harshit-frappe-bench:default: Job OK (gosiru::scheduled_job::frappe.email.doctype.email_account.email_account.notify_unreplied)
2024-11-15 16:15:57,281 Result is kept for 600 seconds
2024-11-15 16:15:57,289 home-harshit-frappe-bench:default: frappe.utils.background_jobs.execute_job(event=None, is_async=True, job_name='frappe.core.doctype.scheduled_job_type.scheduled_job_type.run_scheduled_jo..., kwargs={'job_type': 'frappe.twofactor.delete_all_barcodes_for_users'}, method='frappe.core.doctype.scheduled_job_type.scheduled_job_type.run_scheduled_jo..., site='gosiru', user='Administrator') (gosiru::scheduled_job::frappe.twofactor.delete_all_barcodes_for_users)
2024-11-15 16:15:57,553 home-harshit-frappe-bench:default: Job OK (gosiru::scheduled_job::frappe.twofactor.delete_all_barcodes_for_users)
2024-11-15 16:15:57,553 Result is kept for 600 seconds
2024-11-15 16:15:57,561 home-harshit-frappe-bench:default: frappe.utils.background_jobs.execute_job(event=None, is_async=True, job_name='frappe.core.doctype.scheduled_job_type.scheduled_job_type.run_scheduled_jo..., kwargs={'job_type': 'frappe.website.doctype.web_page.web_page.check_publish_status..., method='frappe.core.doctype.scheduled_job_type.scheduled_job_type.run_scheduled_jo..., site='gosiru', user='Administrator') (gosiru::scheduled_job::frappe.website.doctype.web_page.web_page.check_publish_status)
2024-11-15 16:15:57,885 home-harshit-frappe-bench:default: Job OK (gosiru::scheduled_job::frappe.website.doctype.web_page.web_page.check_publish_status)
2024-11-15 16:15:57,885 Result is kept for 600 seconds
2024-11-15 16:15:57,893 home-harshit-frappe-bench:default: frappe.utils.background_jobs.execute_job(event=None, is_async=True, job_name='frappe.core.doctype.scheduled_job_type.scheduled_job_type.run_scheduled_jo..., kwargs={'job_type': 'frappe.oauth.delete_oauth2_data'}, method='frappe.core.doctype.scheduled_job_type.scheduled_job_type.run_scheduled_jo..., site='gosiru', user='Administrator') (gosiru::scheduled_job::frappe.oauth.delete_oauth2_data)
2024-11-15 16:15:58,153 home-harshit-frappe-bench:default: Job OK (gosiru::scheduled_job::frappe.oauth.delete_oauth2_data)
2024-11-15 16:15:58,153 Result is kept for 600 seconds
2024-11-15 16:16:56,284 home-harshit-frappe-bench:default: frappe.utils.background_jobs.execute_job(event=None, is_async=True, job_name='frappe.core.doctype.scheduled_job_type.scheduled_job_type.run_scheduled_jo..., kwargs={'job_type': 'frappe.automation.doctype.reminder.reminder.send_reminders'}, method='frappe.core.doctype.scheduled_job_type.scheduled_job_type.run_scheduled_jo..., site='gosiru', user='Administrator') (gosiru::scheduled_job::frappe.automation.doctype.reminder.reminder.send_reminders)
2024-11-15 16:16:56,534 home-harshit-frappe-bench:default: Job OK (gosiru::scheduled_job::frappe.automation.doctype.reminder.reminder.send_reminders)
2024-11-15 16:16:56,535 Result is kept for 600 seconds
2024-11-15 16:16:56,543 home-harshit-frappe-bench:default: frappe.utils.background_jobs.execute_job(event=None, is_async=True, job_name='frappe.core.doctype.scheduled_job_type.scheduled_job_type.run_scheduled_jo..., kwargs={'job_type': 'frappe.monitor.flush'}, method='frappe.core.doctype.scheduled_job_type.scheduled_job_type.run_scheduled_jo..., site='gosiru', user='Administrator') (gosiru::scheduled_job::frappe.monitor.flush)
2024-11-15 16:16:56,804 home-harshit-frappe-bench:default: Job OK (gosiru::scheduled_job::frappe.monitor.flush)
2024-11-15 16:16:56,804 Result is kept for 600 seconds
2024-11-15 16:16:56,814 home-harshit-frappe-bench:default: frappe.utils.background_jobs.execute_job(event=None, is_async=True, job_name='frappe.core.doctype.scheduled_job_type.scheduled_job_type.run_scheduled_jo..., kwargs={'job_type': 'frappe.email.queue.flush'}, method='frappe.core.doctype.scheduled_job_type.scheduled_job_type.run_scheduled_jo..., site='gosiru', user='Administrator') (gosiru::scheduled_job::frappe.email.queue.flush)
2024-11-15 16:16:57,158 home-harshit-frappe-bench:default: Job OK (gosiru::scheduled_job::frappe.email.queue.flush)
2024-11-15 16:16:57,159 Result is kept for 600 seconds
2024-11-15 16:20:56,998 home-harshit-frappe-bench:default: frappe.utils.background_jobs.execute_job(event=None, is_async=True, job_name='frappe.core.doctype.scheduled_job_type.scheduled_job_type.run_scheduled_jo..., kwargs={'job_type': 'frappe.automation.doctype.reminder.reminder.send_reminders'}, method='frappe.core.doctype.scheduled_job_type.scheduled_job_type.run_scheduled_jo..., site='gosiru', user='Administrator') (gosiru::scheduled_job::frappe.automation.doctype.reminder.reminder.send_reminders)
2024-11-15 16:20:57,220 home-harshit-frappe-bench:default: Job OK (gosiru::scheduled_job::frappe.automation.doctype.reminder.reminder.send_reminders)
2024-11-15 16:20:57,220 Result is kept for 600 seconds
2024-11-15 16:20:57,228 home-harshit-frappe-bench:default: frappe.utils.background_jobs.execute_job(event=None, is_async=True, job_name='frappe.core.doctype.scheduled_job_type.scheduled_job_type.run_scheduled_jo..., kwargs={'job_type': 'frappe.monitor.flush'}, method='frappe.core.doctype.scheduled_job_type.scheduled_job_type.run_scheduled_jo..., site='gosiru', user='Administrator') (gosiru::scheduled_job::frappe.monitor.flush)
2024-11-15 16:20:57,452 home-harshit-frappe-bench:default: Job OK (gosiru::scheduled_job::frappe.monitor.flush)
2024-11-15 16:20:57,453 Result is kept for 600 seconds
2024-11-15 16:20:57,462 home-harshit-frappe-bench:default: frappe.utils.background_jobs.execute_job(event=None, is_async=True, job_name='frappe.core.doctype.scheduled_job_type.scheduled_job_type.run_scheduled_jo..., kwargs={'job_type': 'frappe.email.queue.flush'}, method='frappe.core.doctype.scheduled_job_type.scheduled_job_type.run_scheduled_jo..., site='gosiru', user='Administrator') (gosiru::scheduled_job::frappe.email.queue.flush)
2024-11-15 16:20:57,771 home-harshit-frappe-bench:default: Job OK (gosiru::scheduled_job::frappe.email.queue.flush)
2024-11-15 16:20:57,771 Result is kept for 600 seconds
2024-11-15 16:20:57,781 home-harshit-frappe-bench:default: frappe.utils.background_jobs.execute_job(event=None, is_async=True, job_name='frappe.core.doctype.scheduled_job_type.scheduled_job_type.run_scheduled_jo..., kwargs={'job_type': 'frappe.email.doctype.email_account.email_account.pull'}, method='frappe.core.doctype.scheduled_job_type.scheduled_job_type.run_scheduled_jo..., site='gosiru', user='Administrator') (gosiru::scheduled_job::frappe.email.doctype.email_account.email_account.pull)
2024-11-15 16:20:58,081 home-harshit-frappe-bench:default: Job OK (gosiru::scheduled_job::frappe.email.doctype.email_account.email_account.pull)
2024-11-15 16:20:58,081 Result is kept for 600 seconds
2024-11-15 16:24:57,648 home-harshit-frappe-bench:default: frappe.utils.background_jobs.execute_job(event=None, is_async=True, job_name='frappe.core.doctype.scheduled_job_type.scheduled_job_type.run_scheduled_jo..., kwargs={'job_type': 'frappe.automation.doctype.reminder.reminder.send_reminders'}, method='frappe.core.doctype.scheduled_job_type.scheduled_job_type.run_scheduled_jo..., site='gosiru', user='Administrator') (gosiru::scheduled_job::frappe.automation.doctype.reminder.reminder.send_reminders)
2024-11-15 16:24:57,850 home-harshit-frappe-bench:default: Job OK (gosiru::scheduled_job::frappe.automation.doctype.reminder.reminder.send_reminders)
2024-11-15 16:24:57,850 Result is kept for 600 seconds
2024-11-15 16:24:57,858 home-harshit-frappe-bench:default: frappe.utils.background_jobs.execute_job(event=None, is_async=True, job_name='frappe.core.doctype.scheduled_job_type.scheduled_job_type.run_scheduled_jo..., kwargs={'job_type': 'frappe.monitor.flush'}, method='frappe.core.doctype.scheduled_job_type.scheduled_job_type.run_scheduled_jo..., site='gosiru', user='Administrator') (gosiru::scheduled_job::frappe.monitor.flush)
2024-11-15 16:24:58,056 home-harshit-frappe-bench:default: Job OK (gosiru::scheduled_job::frappe.monitor.flush)
2024-11-15 16:24:58,057 Result is kept for 600 seconds
2024-11-15 16:24:58,064 home-harshit-frappe-bench:default: frappe.utils.background_jobs.execute_job(event=None, is_async=True, job_name='frappe.core.doctype.scheduled_job_type.scheduled_job_type.run_scheduled_jo..., kwargs={'job_type': 'frappe.email.queue.flush'}, method='frappe.core.doctype.scheduled_job_type.scheduled_job_type.run_scheduled_jo..., site='gosiru', user='Administrator') (gosiru::scheduled_job::frappe.email.queue.flush)
2024-11-15 16:24:58,345 home-harshit-frappe-bench:default: Job OK (gosiru::scheduled_job::frappe.email.queue.flush)
2024-11-15 16:24:58,345 Result is kept for 600 seconds
2024-11-15 16:28:58,311 home-harshit-frappe-bench:default: frappe.utils.background_jobs.execute_job(event=None, is_async=True, job_name='frappe.core.doctype.scheduled_job_type.scheduled_job_type.run_scheduled_jo..., kwargs={'job_type': 'frappe.automation.doctype.reminder.reminder.send_reminders'}, method='frappe.core.doctype.scheduled_job_type.scheduled_job_type.run_scheduled_jo..., site='gosiru', user='Administrator') (gosiru::scheduled_job::frappe.automation.doctype.reminder.reminder.send_reminders)
2024-11-15 16:28:58,551 home-harshit-frappe-bench:default: Job OK (gosiru::scheduled_job::frappe.automation.doctype.reminder.reminder.send_reminders)
2024-11-15 16:28:58,551 Result is kept for 600 seconds
2024-11-15 16:28:58,559 home-harshit-frappe-bench:default: frappe.utils.background_jobs.execute_job(event=None, is_async=True, job_name='frappe.core.doctype.scheduled_job_type.scheduled_job_type.run_scheduled_jo..., kwargs={'job_type': 'frappe.monitor.flush'}, method='frappe.core.doctype.scheduled_job_type.scheduled_job_type.run_scheduled_jo..., site='gosiru', user='Administrator') (gosiru::scheduled_job::frappe.monitor.flush)
2024-11-15 16:28:58,763 home-harshit-frappe-bench:default: Job OK (gosiru::scheduled_job::frappe.monitor.flush)
2024-11-15 16:28:58,764 Result is kept for 600 seconds
2024-11-15 16:28:58,771 home-harshit-frappe-bench:default: frappe.utils.background_jobs.execute_job(event=None, is_async=True, job_name='frappe.core.doctype.scheduled_job_type.scheduled_job_type.run_scheduled_jo..., kwargs={'job_type': 'frappe.email.queue.flush'}, method='frappe.core.doctype.scheduled_job_type.scheduled_job_type.run_scheduled_jo..., site='gosiru', user='Administrator') (gosiru::scheduled_job::frappe.email.queue.flush)
2024-11-15 16:28:59,103 home-harshit-frappe-bench:default: Job OK (gosiru::scheduled_job::frappe.email.queue.flush)
2024-11-15 16:28:59,103 Result is kept for 600 seconds
2024-11-15 16:30:58,568 home-harshit-frappe-bench:default: frappe.utils.background_jobs.execute_job(event=None, is_async=True, job_name='frappe.core.doctype.scheduled_job_type.scheduled_job_type.run_scheduled_jo..., kwargs={'job_type': 'erpnext.utilities.doctype.video.video.update_youtube_data'}, method='frappe.core.doctype.scheduled_job_type.scheduled_job_type.run_scheduled_jo..., site='gosiru', user='Administrator') (gosiru::scheduled_job::erpnext.utilities.doctype.video.video.update_youtube_data)
2024-11-15 16:30:58,914 home-harshit-frappe-bench:default: Job OK (gosiru::scheduled_job::erpnext.utilities.doctype.video.video.update_youtube_data)
2024-11-15 16:30:58,914 Result is kept for 600 seconds
2024-11-15 16:30:58,921 Cleaning registries for queue: home-harshit-frappe-bench:short
2024-11-15 16:30:58,922 Cleaning registries for queue: home-harshit-frappe-bench:default
2024-11-15 16:30:58,923 Cleaning registries for queue: home-harshit-frappe-bench:long
2024-11-15 16:30:58,924 home-harshit-frappe-bench:default: frappe.utils.background_jobs.execute_job(event=None, is_async=True, job_name='frappe.core.doctype.scheduled_job_type.scheduled_job_type.run_scheduled_jo..., kwargs={'job_type': 'erpnext.accounts.doctype.gl_entry.gl_entry.rename_gle_sle_doc..., method='frappe.core.doctype.scheduled_job_type.scheduled_job_type.run_scheduled_jo..., site='gosiru', user='Administrator') (gosiru::scheduled_job::erpnext.accounts.doctype.gl_entry.gl_entry.rename_gle_sle_docs)
2024-11-15 16:30:59,227 home-harshit-frappe-bench:default: Job OK (gosiru::scheduled_job::erpnext.accounts.doctype.gl_entry.gl_entry.rename_gle_sle_docs)
2024-11-15 16:30:59,227 Result is kept for 600 seconds
2024-11-15 16:30:59,235 home-harshit-frappe-bench:default: frappe.utils.background_jobs.execute_job(event=None, is_async=True, job_name='frappe.core.doctype.scheduled_job_type.scheduled_job_type.run_scheduled_jo..., kwargs={'job_type': 'erpnext.accounts.doctype.process_payment_reconciliation.proce..., method='frappe.core.doctype.scheduled_job_type.scheduled_job_type.run_scheduled_jo..., site='gosiru', user='Administrator') (gosiru::scheduled_job::erpnext.accounts.doctype.process_payment_reconciliation.process_payment_reconciliation.trigger_reconciliation_for_queued_docs)
2024-11-15 16:30:59,465 home-harshit-frappe-bench:default: Job OK (gosiru::scheduled_job::erpnext.accounts.doctype.process_payment_reconciliation.process_payment_reconciliation.trigger_reconciliation_for_queued_docs)
2024-11-15 16:30:59,465 Result is kept for 600 seconds
2024-11-15 16:30:59,472 home-harshit-frappe-bench:default: frappe.utils.background_jobs.execute_job(event=None, is_async=True, job_name='frappe.core.doctype.scheduled_job_type.scheduled_job_type.run_scheduled_jo..., kwargs={'job_type': 'erpnext.manufacturing.doctype.bom_update_log.bom_update_log.r..., method='frappe.core.doctype.scheduled_job_type.scheduled_job_type.run_scheduled_jo..., site='gosiru', user='Administrator') (gosiru::scheduled_job::erpnext.manufacturing.doctype.bom_update_log.bom_update_log.resume_bom_cost_update_jobs)
2024-11-15 16:30:59,703 home-harshit-frappe-bench:default: Job OK (gosiru::scheduled_job::erpnext.manufacturing.doctype.bom_update_log.bom_update_log.resume_bom_cost_update_jobs)
2024-11-15 16:30:59,703 Result is kept for 600 seconds
2024-11-15 16:30:59,711 home-harshit-frappe-bench:default: frappe.utils.background_jobs.execute_job(event=None, is_async=True, job_name='frappe.core.doctype.scheduled_job_type.scheduled_job_type.run_scheduled_jo..., kwargs={'job_type': 'frappe.core.doctype.prepared_report.prepared_report.expire_st..., method='frappe.core.doctype.scheduled_job_type.scheduled_job_type.run_scheduled_jo..., site='gosiru', user='Administrator') (gosiru::scheduled_job::frappe.core.doctype.prepared_report.prepared_report.expire_stalled_report)
2024-11-15 16:30:59,940 home-harshit-frappe-bench:default: Job OK (gosiru::scheduled_job::frappe.core.doctype.prepared_report.prepared_report.expire_stalled_report)
2024-11-15 16:30:59,941 Result is kept for 600 seconds
2024-11-15 16:30:59,950 home-harshit-frappe-bench:default: frappe.utils.background_jobs.execute_job(event=None, is_async=True, job_name='frappe.core.doctype.scheduled_job_type.scheduled_job_type.run_scheduled_jo..., kwargs={'job_type': 'frappe.email.doctype.email_account.email_account.pull'}, method='frappe.core.doctype.scheduled_job_type.scheduled_job_type.run_scheduled_jo..., site='gosiru', user='Administrator') (gosiru::scheduled_job::frappe.email.doctype.email_account.email_account.pull)
2024-11-15 16:31:00,232 home-harshit-frappe-bench:default: Job OK (gosiru::scheduled_job::frappe.email.doctype.email_account.email_account.pull)
2024-11-15 16:31:00,233 Result is kept for 600 seconds
2024-11-15 16:31:00,242 home-harshit-frappe-bench:default: frappe.utils.background_jobs.execute_job(event=None, is_async=True, job_name='frappe.core.doctype.scheduled_job_type.scheduled_job_type.run_scheduled_jo..., kwargs={'job_type': 'frappe.deferred_insert.save_to_db'}, method='frappe.core.doctype.scheduled_job_type.scheduled_job_type.run_scheduled_jo..., site='gosiru', user='Administrator') (gosiru::scheduled_job::frappe.deferred_insert.save_to_db)
2024-11-15 16:31:00,493 home-harshit-frappe-bench:default: Job OK (gosiru::scheduled_job::frappe.deferred_insert.save_to_db)
2024-11-15 16:31:00,493 Result is kept for 600 seconds
2024-11-15 16:31:00,501 home-harshit-frappe-bench:default: frappe.utils.background_jobs.execute_job(event=None, is_async=True, job_name='frappe.core.doctype.scheduled_job_type.scheduled_job_type.run_scheduled_jo..., kwargs={'job_type': 'frappe.utils.global_search.sync_global_search'}, method='frappe.core.doctype.scheduled_job_type.scheduled_job_type.run_scheduled_jo..., site='gosiru', user='Administrator') (gosiru::scheduled_job::frappe.utils.global_search.sync_global_search)
2024-11-15 16:31:00,735 home-harshit-frappe-bench:default: Job OK (gosiru::scheduled_job::frappe.utils.global_search.sync_global_search)
2024-11-15 16:31:00,735 Result is kept for 600 seconds
2024-11-15 16:31:00,743 home-harshit-frappe-bench:default: frappe.utils.background_jobs.execute_job(event=None, is_async=True, job_name='frappe.core.doctype.scheduled_job_type.scheduled_job_type.run_scheduled_jo..., kwargs={'job_type': 'frappe.email.doctype.email_account.email_account.notify_unrep..., method='frappe.core.doctype.scheduled_job_type.scheduled_job_type.run_scheduled_jo..., site='gosiru', user='Administrator') (gosiru::scheduled_job::frappe.email.doctype.email_account.email_account.notify_unreplied)
2024-11-15 16:31:00,979 home-harshit-frappe-bench:default: Job OK (gosiru::scheduled_job::frappe.email.doctype.email_account.email_account.notify_unreplied)
2024-11-15 16:31:00,979 Result is kept for 600 seconds
2024-11-15 16:31:00,987 home-harshit-frappe-bench:default: frappe.utils.background_jobs.execute_job(event=None, is_async=True, job_name='frappe.core.doctype.scheduled_job_type.scheduled_job_type.run_scheduled_jo..., kwargs={'job_type': 'frappe.twofactor.delete_all_barcodes_for_users'}, method='frappe.core.doctype.scheduled_job_type.scheduled_job_type.run_scheduled_jo..., site='gosiru', user='Administrator') (gosiru::scheduled_job::frappe.twofactor.delete_all_barcodes_for_users)
2024-11-15 16:31:01,235 home-harshit-frappe-bench:default: Job OK (gosiru::scheduled_job::frappe.twofactor.delete_all_barcodes_for_users)
2024-11-15 16:31:01,236 Result is kept for 600 seconds
2024-11-15 16:31:01,244 home-harshit-frappe-bench:default: frappe.utils.background_jobs.execute_job(event=None, is_async=True, job_name='frappe.core.doctype.scheduled_job_type.scheduled_job_type.run_scheduled_jo..., kwargs={'job_type': 'frappe.website.doctype.web_page.web_page.check_publish_status..., method='frappe.core.doctype.scheduled_job_type.scheduled_job_type.run_scheduled_jo..., site='gosiru', user='Administrator') (gosiru::scheduled_job::frappe.website.doctype.web_page.web_page.check_publish_status)
2024-11-15 16:31:01,557 home-harshit-frappe-bench:default: Job OK (gosiru::scheduled_job::frappe.website.doctype.web_page.web_page.check_publish_status)
2024-11-15 16:31:01,557 Result is kept for 600 seconds
2024-11-15 16:31:01,566 home-harshit-frappe-bench:default: frappe.utils.background_jobs.execute_job(event=None, is_async=True, job_name='frappe.core.doctype.scheduled_job_type.scheduled_job_type.run_scheduled_jo..., kwargs={'job_type': 'frappe.oauth.delete_oauth2_data'}, method='frappe.core.doctype.scheduled_job_type.scheduled_job_type.run_scheduled_jo..., site='gosiru', user='Administrator') (gosiru::scheduled_job::frappe.oauth.delete_oauth2_data)
2024-11-15 16:31:01,857 home-harshit-frappe-bench:default: Job OK (gosiru::scheduled_job::frappe.oauth.delete_oauth2_data)
2024-11-15 16:31:01,857 Result is kept for 600 seconds
2024-11-15 16:32:58,944 home-harshit-frappe-bench:default: frappe.utils.background_jobs.execute_job(event=None, is_async=True, job_name='frappe.core.doctype.scheduled_job_type.scheduled_job_type.run_scheduled_jo..., kwargs={'job_type': 'frappe.automation.doctype.reminder.reminder.send_reminders'}, method='frappe.core.doctype.scheduled_job_type.scheduled_job_type.run_scheduled_jo..., site='gosiru', user='Administrator') (gosiru::scheduled_job::frappe.automation.doctype.reminder.reminder.send_reminders)
2024-11-15 16:32:59,184 home-harshit-frappe-bench:default: Job OK (gosiru::scheduled_job::frappe.automation.doctype.reminder.reminder.send_reminders)
2024-11-15 16:32:59,184 Result is kept for 600 seconds
2024-11-15 16:32:59,192 home-harshit-frappe-bench:default: frappe.utils.background_jobs.execute_job(event=None, is_async=True, job_name='frappe.core.doctype.scheduled_job_type.scheduled_job_type.run_scheduled_jo..., kwargs={'job_type': 'frappe.monitor.flush'}, method='frappe.core.doctype.scheduled_job_type.scheduled_job_type.run_scheduled_jo..., site='gosiru', user='Administrator') (gosiru::scheduled_job::frappe.monitor.flush)
2024-11-15 16:32:59,400 home-harshit-frappe-bench:default: Job OK (gosiru::scheduled_job::frappe.monitor.flush)
2024-11-15 16:32:59,400 Result is kept for 600 seconds
2024-11-15 16:32:59,408 home-harshit-frappe-bench:default: frappe.utils.background_jobs.execute_job(event=None, is_async=True, job_name='frappe.core.doctype.scheduled_job_type.scheduled_job_type.run_scheduled_jo..., kwargs={'job_type': 'frappe.email.queue.flush'}, method='frappe.core.doctype.scheduled_job_type.scheduled_job_type.run_scheduled_jo..., site='gosiru', user='Administrator') (gosiru::scheduled_job::frappe.email.queue.flush)
2024-11-15 16:32:59,706 home-harshit-frappe-bench:default: Job OK (gosiru::scheduled_job::frappe.email.queue.flush)
2024-11-15 16:32:59,706 Result is kept for 600 seconds
2024-11-15 16:36:59,583 home-harshit-frappe-bench:default: frappe.utils.background_jobs.execute_job(event=None, is_async=True, job_name='frappe.core.doctype.scheduled_job_type.scheduled_job_type.run_scheduled_jo..., kwargs={'job_type': 'frappe.automation.doctype.reminder.reminder.send_reminders'}, method='frappe.core.doctype.scheduled_job_type.scheduled_job_type.run_scheduled_jo..., site='gosiru', user='Administrator') (gosiru::scheduled_job::frappe.automation.doctype.reminder.reminder.send_reminders)
2024-11-15 16:36:59,880 home-harshit-frappe-bench:default: Job OK (gosiru::scheduled_job::frappe.automation.doctype.reminder.reminder.send_reminders)
2024-11-15 16:36:59,881 Result is kept for 600 seconds
2024-11-15 16:36:59,889 home-harshit-frappe-bench:default: frappe.utils.background_jobs.execute_job(event=None, is_async=True, job_name='frappe.core.doctype.scheduled_job_type.scheduled_job_type.run_scheduled_jo..., kwargs={'job_type': 'frappe.monitor.flush'}, method='frappe.core.doctype.scheduled_job_type.scheduled_job_type.run_scheduled_jo..., site='gosiru', user='Administrator') (gosiru::scheduled_job::frappe.monitor.flush)
2024-11-15 16:37:00,107 home-harshit-frappe-bench:default: Job OK (gosiru::scheduled_job::frappe.monitor.flush)
2024-11-15 16:37:00,108 Result is kept for 600 seconds
2024-11-15 16:37:00,115 home-harshit-frappe-bench:default: frappe.utils.background_jobs.execute_job(event=None, is_async=True, job_name='frappe.core.doctype.scheduled_job_type.scheduled_job_type.run_scheduled_jo..., kwargs={'job_type': 'frappe.email.queue.flush'}, method='frappe.core.doctype.scheduled_job_type.scheduled_job_type.run_scheduled_jo..., site='gosiru', user='Administrator') (gosiru::scheduled_job::frappe.email.queue.flush)
2024-11-15 16:37:00,423 home-harshit-frappe-bench:default: Job OK (gosiru::scheduled_job::frappe.email.queue.flush)
2024-11-15 16:37:00,424 Result is kept for 600 seconds
2024-11-15 16:40:00,076 home-harshit-frappe-bench:default: frappe.utils.background_jobs.execute_job(event=None, is_async=True, job_name='frappe.core.doctype.scheduled_job_type.scheduled_job_type.run_scheduled_jo..., kwargs={'job_type': 'frappe.automation.doctype.reminder.reminder.send_reminders'}, method='frappe.core.doctype.scheduled_job_type.scheduled_job_type.run_scheduled_jo..., site='gosiru', user='Administrator') (gosiru::scheduled_job::frappe.automation.doctype.reminder.reminder.send_reminders)
2024-11-15 16:40:00,343 home-harshit-frappe-bench:default: Job OK (gosiru::scheduled_job::frappe.automation.doctype.reminder.reminder.send_reminders)
2024-11-15 16:40:00,343 Result is kept for 600 seconds
2024-11-15 16:40:00,352 home-harshit-frappe-bench:default: frappe.utils.background_jobs.execute_job(event=None, is_async=True, job_name='frappe.core.doctype.scheduled_job_type.scheduled_job_type.run_scheduled_jo..., kwargs={'job_type': 'frappe.monitor.flush'}, method='frappe.core.doctype.scheduled_job_type.scheduled_job_type.run_scheduled_jo..., site='gosiru', user='Administrator') (gosiru::scheduled_job::frappe.monitor.flush)
2024-11-15 16:40:00,592 home-harshit-frappe-bench:default: Job OK (gosiru::scheduled_job::frappe.monitor.flush)
2024-11-15 16:40:00,592 Result is kept for 600 seconds
2024-11-15 16:40:00,603 home-harshit-frappe-bench:default: frappe.utils.background_jobs.execute_job(event=None, is_async=True, job_name='frappe.core.doctype.scheduled_job_type.scheduled_job_type.run_scheduled_jo..., kwargs={'job_type': 'frappe.email.queue.flush'}, method='frappe.core.doctype.scheduled_job_type.scheduled_job_type.run_scheduled_jo..., site='gosiru', user='Administrator') (gosiru::scheduled_job::frappe.email.queue.flush)
2024-11-15 16:40:00,949 home-harshit-frappe-bench:default: Job OK (gosiru::scheduled_job::frappe.email.queue.flush)
2024-11-15 16:40:00,950 Result is kept for 600 seconds
2024-11-15 16:40:00,963 home-harshit-frappe-bench:default: frappe.utils.background_jobs.execute_job(event=None, is_async=True, job_name='frappe.core.doctype.scheduled_job_type.scheduled_job_type.run_scheduled_jo..., kwargs={'job_type': 'frappe.email.doctype.email_account.email_account.pull'}, method='frappe.core.doctype.scheduled_job_type.scheduled_job_type.run_scheduled_jo..., site='gosiru', user='Administrator') (gosiru::scheduled_job::frappe.email.doctype.email_account.email_account.pull)
2024-11-15 16:40:01,244 home-harshit-frappe-bench:default: Job OK (gosiru::scheduled_job::frappe.email.doctype.email_account.email_account.pull)
2024-11-15 16:40:01,244 Result is kept for 600 seconds
2024-11-15 16:42:54,842 home-harshit-frappe-bench:default: frappe.utils.background_jobs.execute_job(event=None, is_async=True, job_name='frappe.core.doctype.user.user.create_contact', kwargs={'user': <User: harshitpadha@gmail.com>, 'ignore_mandatory': True}, method='frappe.core.doctype.user.user.create_contact', site='gosiru', user='harshitpadha@gosiru.com') (gosiru::f8ff6d81-e022-47ce-8a19-4d89e5ea705c)
2024-11-15 16:42:55,429 home-harshit-frappe-bench:default: Job OK (gosiru::f8ff6d81-e022-47ce-8a19-4d89e5ea705c)
2024-11-15 16:42:55,429 Result is kept for 600 seconds
2024-11-15 16:42:55,440 home-harshit-frappe-bench:default: frappe.utils.background_jobs.execute_job(event=None, is_async=True, job_name='frappe.core.doctype.user.user.update_gravatar', kwargs={'name': 'harshitpadha@gmail.com'}, method='frappe.core.doctype.user.user.update_gravatar', site='gosiru', user='harshitpadha@gosiru.com') (gosiru::22b06b49-6516-4dbf-a0a5-0b643ccc742a)
2024-11-15 16:42:55,677 home-harshit-frappe-bench:default: Job OK (gosiru::22b06b49-6516-4dbf-a0a5-0b643ccc742a)
2024-11-15 16:42:55,677 Result is kept for 600 seconds
2024-11-15 16:43:02,304 home-harshit-frappe-bench:default: frappe.utils.background_jobs.execute_job(event=None, is_async=True, job_name='frappe.core.doctype.user.user.create_contact', kwargs={'user': <User: harshitpadha@gmail.com>, 'ignore_mandatory': True}, method='frappe.core.doctype.user.user.create_contact', site='gosiru', user='harshitpadha@gosiru.com') (gosiru::dafdc722-6e41-456b-9cba-da53a4bf0f43)
2024-11-15 16:43:02,876 home-harshit-frappe-bench:default: Job OK (gosiru::dafdc722-6e41-456b-9cba-da53a4bf0f43)
2024-11-15 16:43:02,876 Result is kept for 600 seconds
2024-11-15 16:43:02,887 home-harshit-frappe-bench:default: frappe.utils.background_jobs.execute_job(event=None, is_async=True, job_name='frappe.core.doctype.user.user.update_gravatar', kwargs={'name': 'harshitpadha@gmail.com'}, method='frappe.core.doctype.user.user.update_gravatar', site='gosiru', user='harshitpadha@gosiru.com') (gosiru::4f32e13c-ffd7-4538-a4bd-6d2a18ad4d83)
2024-11-15 16:43:03,119 home-harshit-frappe-bench:default: Job OK (gosiru::4f32e13c-ffd7-4538-a4bd-6d2a18ad4d83)
2024-11-15 16:43:03,119 Result is kept for 600 seconds
2024-11-15 16:44:00,899 home-harshit-frappe-bench:default: frappe.utils.background_jobs.execute_job(event=None, is_async=True, job_name='frappe.core.doctype.scheduled_job_type.scheduled_job_type.run_scheduled_jo..., kwargs={'job_type': 'frappe.automation.doctype.reminder.reminder.send_reminders'}, method='frappe.core.doctype.scheduled_job_type.scheduled_job_type.run_scheduled_jo..., site='gosiru', user='Administrator') (gosiru::scheduled_job::frappe.automation.doctype.reminder.reminder.send_reminders)
2024-11-15 16:44:01,201 home-harshit-frappe-bench:default: Job OK (gosiru::scheduled_job::frappe.automation.doctype.reminder.reminder.send_reminders)
2024-11-15 16:44:01,201 Result is kept for 600 seconds
2024-11-15 16:44:01,211 home-harshit-frappe-bench:default: frappe.utils.background_jobs.execute_job(event=None, is_async=True, job_name='frappe.core.doctype.scheduled_job_type.scheduled_job_type.run_scheduled_jo..., kwargs={'job_type': 'frappe.monitor.flush'}, method='frappe.core.doctype.scheduled_job_type.scheduled_job_type.run_scheduled_jo..., site='gosiru', user='Administrator') (gosiru::scheduled_job::frappe.monitor.flush)
2024-11-15 16:44:01,451 home-harshit-frappe-bench:default: Job OK (gosiru::scheduled_job::frappe.monitor.flush)
2024-11-15 16:44:01,451 Result is kept for 600 seconds
2024-11-15 16:44:01,459 home-harshit-frappe-bench:default: frappe.utils.background_jobs.execute_job(event=None, is_async=True, job_name='frappe.core.doctype.scheduled_job_type.scheduled_job_type.run_scheduled_jo..., kwargs={'job_type': 'frappe.email.queue.flush'}, method='frappe.core.doctype.scheduled_job_type.scheduled_job_type.run_scheduled_jo..., site='gosiru', user='Administrator') (gosiru::scheduled_job::frappe.email.queue.flush)
2024-11-15 16:44:01,768 home-harshit-frappe-bench:default: Job OK (gosiru::scheduled_job::frappe.email.queue.flush)
2024-11-15 16:44:01,768 Result is kept for 600 seconds
2024-11-15 16:45:01,015 home-harshit-frappe-bench:default: frappe.utils.background_jobs.execute_job(event=None, is_async=True, job_name='frappe.core.doctype.scheduled_job_type.scheduled_job_type.run_scheduled_jo..., kwargs={'job_type': 'erpnext.accounts.doctype.process_payment_reconciliation.proce..., method='frappe.core.doctype.scheduled_job_type.scheduled_job_type.run_scheduled_jo..., site='gosiru', user='Administrator') (gosiru::scheduled_job::erpnext.accounts.doctype.process_payment_reconciliation.process_payment_reconciliation.trigger_reconciliation_for_queued_docs)
2024-11-15 16:45:01,559 home-harshit-frappe-bench:default: Job OK (gosiru::scheduled_job::erpnext.accounts.doctype.process_payment_reconciliation.process_payment_reconciliation.trigger_reconciliation_for_queued_docs)
2024-11-15 16:45:01,559 Result is kept for 600 seconds
2024-11-15 16:45:01,573 home-harshit-frappe-bench:default: frappe.utils.background_jobs.execute_job(event=None, is_async=True, job_name='frappe.core.doctype.scheduled_job_type.scheduled_job_type.run_scheduled_jo..., kwargs={'job_type': 'erpnext.manufacturing.doctype.bom_update_log.bom_update_log.r..., method='frappe.core.doctype.scheduled_job_type.scheduled_job_type.run_scheduled_jo..., site='gosiru', user='Administrator') (gosiru::scheduled_job::erpnext.manufacturing.doctype.bom_update_log.bom_update_log.resume_bom_cost_update_jobs)
2024-11-15 16:45:01,991 home-harshit-frappe-bench:default: Job OK (gosiru::scheduled_job::erpnext.manufacturing.doctype.bom_update_log.bom_update_log.resume_bom_cost_update_jobs)
2024-11-15 16:45:01,991 Result is kept for 600 seconds
2024-11-15 16:45:02,000 home-harshit-frappe-bench:default: frappe.utils.background_jobs.execute_job(event=None, is_async=True, job_name='frappe.core.doctype.scheduled_job_type.scheduled_job_type.run_scheduled_jo..., kwargs={'job_type': 'frappe.deferred_insert.save_to_db'}, method='frappe.core.doctype.scheduled_job_type.scheduled_job_type.run_scheduled_jo..., site='gosiru', user='Administrator') (gosiru::scheduled_job::frappe.deferred_insert.save_to_db)
2024-11-15 16:45:02,384 home-harshit-frappe-bench:default: Job OK (gosiru::scheduled_job::frappe.deferred_insert.save_to_db)
2024-11-15 16:45:02,384 Result is kept for 600 seconds
2024-11-15 16:45:02,393 home-harshit-frappe-bench:default: frappe.utils.background_jobs.execute_job(event=None, is_async=True, job_name='frappe.core.doctype.scheduled_job_type.scheduled_job_type.run_scheduled_jo..., kwargs={'job_type': 'frappe.utils.global_search.sync_global_search'}, method='frappe.core.doctype.scheduled_job_type.scheduled_job_type.run_scheduled_jo..., site='gosiru', user='Administrator') (gosiru::scheduled_job::frappe.utils.global_search.sync_global_search)
2024-11-15 16:45:02,694 home-harshit-frappe-bench:default: Job OK (gosiru::scheduled_job::frappe.utils.global_search.sync_global_search)
2024-11-15 16:45:02,694 Result is kept for 600 seconds
2024-11-15 16:45:02,702 home-harshit-frappe-bench:default: frappe.utils.background_jobs.execute_job(event=None, is_async=True, job_name='frappe.core.doctype.scheduled_job_type.scheduled_job_type.run_scheduled_jo..., kwargs={'job_type': 'frappe.email.doctype.email_account.email_account.notify_unrep..., method='frappe.core.doctype.scheduled_job_type.scheduled_job_type.run_scheduled_jo..., site='gosiru', user='Administrator') (gosiru::scheduled_job::frappe.email.doctype.email_account.email_account.notify_unreplied)
2024-11-15 16:45:03,016 home-harshit-frappe-bench:default: Job OK (gosiru::scheduled_job::frappe.email.doctype.email_account.email_account.notify_unreplied)
2024-11-15 16:45:03,016 Result is kept for 600 seconds
2024-11-15 16:45:03,025 home-harshit-frappe-bench:default: frappe.utils.background_jobs.execute_job(event=None, is_async=True, job_name='frappe.core.doctype.scheduled_job_type.scheduled_job_type.run_scheduled_jo..., kwargs={'job_type': 'frappe.twofactor.delete_all_barcodes_for_users'}, method='frappe.core.doctype.scheduled_job_type.scheduled_job_type.run_scheduled_jo..., site='gosiru', user='Administrator') (gosiru::scheduled_job::frappe.twofactor.delete_all_barcodes_for_users)
2024-11-15 16:45:03,304 home-harshit-frappe-bench:default: Job OK (gosiru::scheduled_job::frappe.twofactor.delete_all_barcodes_for_users)
2024-11-15 16:45:03,304 Result is kept for 600 seconds
2024-11-15 16:45:03,313 home-harshit-frappe-bench:default: frappe.utils.background_jobs.execute_job(event=None, is_async=True, job_name='frappe.core.doctype.scheduled_job_type.scheduled_job_type.run_scheduled_jo..., kwargs={'job_type': 'frappe.website.doctype.web_page.web_page.check_publish_status..., method='frappe.core.doctype.scheduled_job_type.scheduled_job_type.run_scheduled_jo..., site='gosiru', user='Administrator') (gosiru::scheduled_job::frappe.website.doctype.web_page.web_page.check_publish_status)
2024-11-15 16:45:03,698 home-harshit-frappe-bench:default: Job OK (gosiru::scheduled_job::frappe.website.doctype.web_page.web_page.check_publish_status)
2024-11-15 16:45:03,698 Result is kept for 600 seconds
2024-11-15 16:45:03,707 home-harshit-frappe-bench:default: frappe.utils.background_jobs.execute_job(event=None, is_async=True, job_name='frappe.core.doctype.scheduled_job_type.scheduled_job_type.run_scheduled_jo..., kwargs={'job_type': 'frappe.oauth.delete_oauth2_data'}, method='frappe.core.doctype.scheduled_job_type.scheduled_job_type.run_scheduled_jo..., site='gosiru', user='Administrator') (gosiru::scheduled_job::frappe.oauth.delete_oauth2_data)
2024-11-15 16:45:04,006 home-harshit-frappe-bench:default: Job OK (gosiru::scheduled_job::frappe.oauth.delete_oauth2_data)
2024-11-15 16:45:04,006 Result is kept for 600 seconds
2024-11-15 16:48:01,603 home-harshit-frappe-bench:default: frappe.utils.background_jobs.execute_job(event=None, is_async=True, job_name='frappe.core.doctype.scheduled_job_type.scheduled_job_type.run_scheduled_jo..., kwargs={'job_type': 'frappe.automation.doctype.reminder.reminder.send_reminders'}, method='frappe.core.doctype.scheduled_job_type.scheduled_job_type.run_scheduled_jo..., site='gosiru', user='Administrator') (gosiru::scheduled_job::frappe.automation.doctype.reminder.reminder.send_reminders)
2024-11-15 16:48:01,857 home-harshit-frappe-bench:default: Job OK (gosiru::scheduled_job::frappe.automation.doctype.reminder.reminder.send_reminders)
2024-11-15 16:48:01,857 Result is kept for 600 seconds
2024-11-15 16:48:01,866 home-harshit-frappe-bench:default: frappe.utils.background_jobs.execute_job(event=None, is_async=True, job_name='frappe.core.doctype.scheduled_job_type.scheduled_job_type.run_scheduled_jo..., kwargs={'job_type': 'frappe.monitor.flush'}, method='frappe.core.doctype.scheduled_job_type.scheduled_job_type.run_scheduled_jo..., site='gosiru', user='Administrator') (gosiru::scheduled_job::frappe.monitor.flush)
2024-11-15 16:48:02,105 home-harshit-frappe-bench:default: Job OK (gosiru::scheduled_job::frappe.monitor.flush)
2024-11-15 16:48:02,105 Result is kept for 600 seconds
2024-11-15 16:48:02,115 home-harshit-frappe-bench:default: frappe.utils.background_jobs.execute_job(event=None, is_async=True, job_name='frappe.core.doctype.scheduled_job_type.scheduled_job_type.run_scheduled_jo..., kwargs={'job_type': 'frappe.email.queue.flush'}, method='frappe.core.doctype.scheduled_job_type.scheduled_job_type.run_scheduled_jo..., site='gosiru', user='Administrator') (gosiru::scheduled_job::frappe.email.queue.flush)
2024-11-15 16:48:02,512 home-harshit-frappe-bench:default: Job OK (gosiru::scheduled_job::frappe.email.queue.flush)
2024-11-15 16:48:02,513 Result is kept for 600 seconds
2024-11-15 16:50:02,017 home-harshit-frappe-bench:default: frappe.utils.background_jobs.execute_job(event=None, is_async=True, job_name='frappe.core.doctype.scheduled_job_type.scheduled_job_type.run_scheduled_jo..., kwargs={'job_type': 'frappe.email.doctype.email_account.email_account.pull'}, method='frappe.core.doctype.scheduled_job_type.scheduled_job_type.run_scheduled_jo..., site='gosiru', user='Administrator') (gosiru::scheduled_job::frappe.email.doctype.email_account.email_account.pull)
2024-11-15 16:50:02,322 home-harshit-frappe-bench:default: Job OK (gosiru::scheduled_job::frappe.email.doctype.email_account.email_account.pull)
2024-11-15 16:50:02,323 Result is kept for 600 seconds
2024-11-15 16:52:02,351 home-harshit-frappe-bench:default: frappe.utils.background_jobs.execute_job(event=None, is_async=True, job_name='frappe.core.doctype.scheduled_job_type.scheduled_job_type.run_scheduled_jo..., kwargs={'job_type': 'frappe.automation.doctype.reminder.reminder.send_reminders'}, method='frappe.core.doctype.scheduled_job_type.scheduled_job_type.run_scheduled_jo..., site='gosiru', user='Administrator') (gosiru::scheduled_job::frappe.automation.doctype.reminder.reminder.send_reminders)
2024-11-15 16:52:02,594 home-harshit-frappe-bench:default: Job OK (gosiru::scheduled_job::frappe.automation.doctype.reminder.reminder.send_reminders)
2024-11-15 16:52:02,595 Result is kept for 600 seconds
2024-11-15 16:52:02,603 home-harshit-frappe-bench:default: frappe.utils.background_jobs.execute_job(event=None, is_async=True, job_name='frappe.core.doctype.scheduled_job_type.scheduled_job_type.run_scheduled_jo..., kwargs={'job_type': 'frappe.monitor.flush'}, method='frappe.core.doctype.scheduled_job_type.scheduled_job_type.run_scheduled_jo..., site='gosiru', user='Administrator') (gosiru::scheduled_job::frappe.monitor.flush)
2024-11-15 16:52:02,823 home-harshit-frappe-bench:default: Job OK (gosiru::scheduled_job::frappe.monitor.flush)
2024-11-15 16:52:02,823 Result is kept for 600 seconds
2024-11-15 16:52:02,832 home-harshit-frappe-bench:default: frappe.utils.background_jobs.execute_job(event=None, is_async=True, job_name='frappe.core.doctype.scheduled_job_type.scheduled_job_type.run_scheduled_jo..., kwargs={'job_type': 'frappe.email.queue.flush'}, method='frappe.core.doctype.scheduled_job_type.scheduled_job_type.run_scheduled_jo..., site='gosiru', user='Administrator') (gosiru::scheduled_job::frappe.email.queue.flush)
2024-11-15 16:52:03,255 home-harshit-frappe-bench:default: Job OK (gosiru::scheduled_job::frappe.email.queue.flush)
2024-11-15 16:52:03,256 Result is kept for 600 seconds
2024-11-15 16:56:03,031 home-harshit-frappe-bench:default: frappe.utils.background_jobs.execute_job(event=None, is_async=True, job_name='frappe.core.doctype.scheduled_job_type.scheduled_job_type.run_scheduled_jo..., kwargs={'job_type': 'frappe.automation.doctype.reminder.reminder.send_reminders'}, method='frappe.core.doctype.scheduled_job_type.scheduled_job_type.run_scheduled_jo..., site='gosiru', user='Administrator') (gosiru::scheduled_job::frappe.automation.doctype.reminder.reminder.send_reminders)
2024-11-15 16:56:03,274 home-harshit-frappe-bench:default: Job OK (gosiru::scheduled_job::frappe.automation.doctype.reminder.reminder.send_reminders)
2024-11-15 16:56:03,275 Result is kept for 600 seconds
2024-11-15 16:56:03,282 Cleaning registries for queue: home-harshit-frappe-bench:short
2024-11-15 16:56:03,283 Cleaning registries for queue: home-harshit-frappe-bench:default
2024-11-15 16:56:03,284 Cleaning registries for queue: home-harshit-frappe-bench:long
2024-11-15 16:56:03,286 home-harshit-frappe-bench:default: frappe.utils.background_jobs.execute_job(event=None, is_async=True, job_name='frappe.core.doctype.scheduled_job_type.scheduled_job_type.run_scheduled_jo..., kwargs={'job_type': 'frappe.monitor.flush'}, method='frappe.core.doctype.scheduled_job_type.scheduled_job_type.run_scheduled_jo..., site='gosiru', user='Administrator') (gosiru::scheduled_job::frappe.monitor.flush)
2024-11-15 16:56:03,562 home-harshit-frappe-bench:default: Job OK (gosiru::scheduled_job::frappe.monitor.flush)
2024-11-15 16:56:03,563 Result is kept for 600 seconds
2024-11-15 16:56:03,574 home-harshit-frappe-bench:default: frappe.utils.background_jobs.execute_job(event=None, is_async=True, job_name='frappe.core.doctype.scheduled_job_type.scheduled_job_type.run_scheduled_jo..., kwargs={'job_type': 'frappe.email.queue.flush'}, method='frappe.core.doctype.scheduled_job_type.scheduled_job_type.run_scheduled_jo..., site='gosiru', user='Administrator') (gosiru::scheduled_job::frappe.email.queue.flush)
2024-11-15 16:56:03,929 home-harshit-frappe-bench:default: Job OK (gosiru::scheduled_job::frappe.email.queue.flush)
2024-11-15 16:56:03,929 Result is kept for 600 seconds
2024-11-15 16:59:56,831 home-harshit-frappe-bench:default: frappe.utils.background_jobs.execute_job(event=None, is_async=True, job_name='frappe.core.doctype.user.user.create_contact', kwargs={'user': <User: harshitpadha@gosiru.com>, 'ignore_mandatory': True}, method='frappe.core.doctype.user.user.create_contact', site='gosiru', user='harshitpadha@gosiru.com') (gosiru::a7d31d7e-c0e3-45d6-9544-4d28bb4ecfe4)
2024-11-15 16:59:57,582 home-harshit-frappe-bench:default: Job OK (gosiru::a7d31d7e-c0e3-45d6-9544-4d28bb4ecfe4)
2024-11-15 16:59:57,582 Result is kept for 600 seconds
2024-11-15 16:59:57,594 home-harshit-frappe-bench:default: frappe.utils.background_jobs.execute_job(event=None, is_async=True, job_name='frappe.core.doctype.user.user.update_gravatar', kwargs={'name': 'harshitpadha@gosiru.com'}, method='frappe.core.doctype.user.user.update_gravatar', site='gosiru', user='harshitpadha@gosiru.com') (gosiru::f8471500-835d-4206-a954-9333fcde78df)
2024-11-15 16:59:57,874 home-harshit-frappe-bench:default: Job OK (gosiru::f8471500-835d-4206-a954-9333fcde78df)
2024-11-15 16:59:57,874 Result is kept for 600 seconds
2024-11-15 17:00:03,682 home-harshit-frappe-bench:default: frappe.utils.background_jobs.execute_job(event=None, is_async=True, job_name='frappe.core.doctype.scheduled_job_type.scheduled_job_type.run_scheduled_jo..., kwargs={'job_type': 'erpnext.projects.doctype.project.project.collect_project_stat..., method='frappe.core.doctype.scheduled_job_type.scheduled_job_type.run_scheduled_jo..., site='gosiru', user='Administrator') (gosiru::scheduled_job::erpnext.projects.doctype.project.project.collect_project_status)
2024-11-15 17:00:04,133 home-harshit-frappe-bench:default: Job OK (gosiru::scheduled_job::erpnext.projects.doctype.project.project.collect_project_status)
2024-11-15 17:00:04,133 Result is kept for 600 seconds
2024-11-15 17:00:04,141 home-harshit-frappe-bench:default: frappe.utils.background_jobs.execute_job(event=None, is_async=True, job_name='frappe.core.doctype.scheduled_job_type.scheduled_job_type.run_scheduled_jo..., kwargs={'job_type': 'erpnext.projects.doctype.project.project.hourly_reminder'}, method='frappe.core.doctype.scheduled_job_type.scheduled_job_type.run_scheduled_jo..., site='gosiru', user='Administrator') (gosiru::scheduled_job::erpnext.projects.doctype.project.project.hourly_reminder)
2024-11-15 17:00:04,445 home-harshit-frappe-bench:default: Job OK (gosiru::scheduled_job::erpnext.projects.doctype.project.project.hourly_reminder)
2024-11-15 17:00:04,445 Result is kept for 600 seconds
2024-11-15 17:00:04,454 home-harshit-frappe-bench:default: frappe.utils.background_jobs.execute_job(event=None, is_async=True, job_name='frappe.core.doctype.scheduled_job_type.scheduled_job_type.run_scheduled_jo..., kwargs={'job_type': 'erpnext.projects.doctype.project.project.project_status_updat..., method='frappe.core.doctype.scheduled_job_type.scheduled_job_type.run_scheduled_jo..., site='gosiru', user='Administrator') (gosiru::scheduled_job::erpnext.projects.doctype.project.project.project_status_update_reminder)
2024-11-15 17:00:04,734 home-harshit-frappe-bench:default: Job OK (gosiru::scheduled_job::erpnext.projects.doctype.project.project.project_status_update_reminder)
2024-11-15 17:00:04,734 Result is kept for 600 seconds
2024-11-15 17:00:04,743 home-harshit-frappe-bench:default: frappe.utils.background_jobs.execute_job(event=None, is_async=True, job_name='frappe.core.doctype.scheduled_job_type.scheduled_job_type.run_scheduled_jo..., kwargs={'job_type': 'erpnext.erpnext_integrations.doctype.plaid_settings.plaid_set..., method='frappe.core.doctype.scheduled_job_type.scheduled_job_type.run_scheduled_jo..., site='gosiru', user='Administrator') (gosiru::scheduled_job::erpnext.erpnext_integrations.doctype.plaid_settings.plaid_settings.automatic_synchronization)
2024-11-15 17:00:05,065 home-harshit-frappe-bench:default: Job OK (gosiru::scheduled_job::erpnext.erpnext_integrations.doctype.plaid_settings.plaid_settings.automatic_synchronization)
2024-11-15 17:00:05,065 Result is kept for 600 seconds
2024-11-15 17:00:05,074 home-harshit-frappe-bench:default: frappe.utils.background_jobs.execute_job(event=None, is_async=True, job_name='frappe.core.doctype.scheduled_job_type.scheduled_job_type.run_scheduled_jo..., kwargs={'job_type': 'erpnext.utilities.doctype.video.video.update_youtube_data'}, method='frappe.core.doctype.scheduled_job_type.scheduled_job_type.run_scheduled_jo..., site='gosiru', user='Administrator') (gosiru::scheduled_job::erpnext.utilities.doctype.video.video.update_youtube_data)
2024-11-15 17:00:05,485 home-harshit-frappe-bench:default: Job OK (gosiru::scheduled_job::erpnext.utilities.doctype.video.video.update_youtube_data)
2024-11-15 17:00:05,485 Result is kept for 600 seconds
2024-11-15 17:00:05,495 home-harshit-frappe-bench:default: frappe.utils.background_jobs.execute_job(event=None, is_async=True, job_name='frappe.core.doctype.scheduled_job_type.scheduled_job_type.run_scheduled_jo..., kwargs={'job_type': 'erpnext.accounts.doctype.process_payment_reconciliation.proce..., method='frappe.core.doctype.scheduled_job_type.scheduled_job_type.run_scheduled_jo..., site='gosiru', user='Administrator') (gosiru::scheduled_job::erpnext.accounts.doctype.process_payment_reconciliation.process_payment_reconciliation.trigger_reconciliation_for_queued_docs)
2024-11-15 17:00:05,787 home-harshit-frappe-bench:default: Job OK (gosiru::scheduled_job::erpnext.accounts.doctype.process_payment_reconciliation.process_payment_reconciliation.trigger_reconciliation_for_queued_docs)
2024-11-15 17:00:05,787 Result is kept for 600 seconds
2024-11-15 17:00:05,796 home-harshit-frappe-bench:default: frappe.utils.background_jobs.execute_job(event=None, is_async=True, job_name='frappe.core.doctype.scheduled_job_type.scheduled_job_type.run_scheduled_jo..., kwargs={'job_type': 'erpnext.manufacturing.doctype.bom_update_log.bom_update_log.r..., method='frappe.core.doctype.scheduled_job_type.scheduled_job_type.run_scheduled_jo..., site='gosiru', user='Administrator') (gosiru::scheduled_job::erpnext.manufacturing.doctype.bom_update_log.bom_update_log.resume_bom_cost_update_jobs)
2024-11-15 17:00:06,105 home-harshit-frappe-bench:default: Job OK (gosiru::scheduled_job::erpnext.manufacturing.doctype.bom_update_log.bom_update_log.resume_bom_cost_update_jobs)
2024-11-15 17:00:06,105 Result is kept for 600 seconds
2024-11-15 17:00:06,116 home-harshit-frappe-bench:default: frappe.utils.background_jobs.execute_job(event=None, is_async=True, job_name='frappe.core.doctype.scheduled_job_type.scheduled_job_type.run_scheduled_jo..., kwargs={'job_type': 'frappe.website.doctype.personal_data_deletion_request.persona..., method='frappe.core.doctype.scheduled_job_type.scheduled_job_type.run_scheduled_jo..., site='gosiru', user='Administrator') (gosiru::scheduled_job::frappe.website.doctype.personal_data_deletion_request.personal_data_deletion_request.process_data_deletion_request)
2024-11-15 17:00:06,502 home-harshit-frappe-bench:default: Job OK (gosiru::scheduled_job::frappe.website.doctype.personal_data_deletion_request.personal_data_deletion_request.process_data_deletion_request)
2024-11-15 17:00:06,502 Result is kept for 600 seconds
2024-11-15 17:00:06,513 home-harshit-frappe-bench:default: frappe.utils.background_jobs.execute_job(event=None, is_async=True, job_name='frappe.core.doctype.scheduled_job_type.scheduled_job_type.run_scheduled_jo..., kwargs={'job_type': 'frappe.email.doctype.newsletter.newsletter.send_scheduled_ema..., method='frappe.core.doctype.scheduled_job_type.scheduled_job_type.run_scheduled_jo..., site='gosiru', user='Administrator') (gosiru::scheduled_job::frappe.email.doctype.newsletter.newsletter.send_scheduled_email)
2024-11-15 17:00:06,889 home-harshit-frappe-bench:default: Job OK (gosiru::scheduled_job::frappe.email.doctype.newsletter.newsletter.send_scheduled_email)
2024-11-15 17:00:06,889 Result is kept for 600 seconds
2024-11-15 17:00:06,898 home-harshit-frappe-bench:default: frappe.utils.background_jobs.execute_job(event=None, is_async=True, job_name='frappe.core.doctype.scheduled_job_type.scheduled_job_type.run_scheduled_jo..., kwargs={'job_type': 'frappe.integrations.doctype.google_calendar.google_calendar.s..., method='frappe.core.doctype.scheduled_job_type.scheduled_job_type.run_scheduled_jo..., site='gosiru', user='Administrator') (gosiru::scheduled_job::frappe.integrations.doctype.google_calendar.google_calendar.sync)
2024-11-15 17:00:07,392 home-harshit-frappe-bench:default: Job OK (gosiru::scheduled_job::frappe.integrations.doctype.google_calendar.google_calendar.sync)
2024-11-15 17:00:07,392 Result is kept for 600 seconds
2024-11-15 17:00:07,403 home-harshit-frappe-bench:default: frappe.utils.background_jobs.execute_job(event=None, is_async=True, job_name='frappe.core.doctype.scheduled_job_type.scheduled_job_type.run_scheduled_jo..., kwargs={'job_type': 'frappe.desk.form.document_follow.send_hourly_updates'}, method='frappe.core.doctype.scheduled_job_type.scheduled_job_type.run_scheduled_jo..., site='gosiru', user='Administrator') (gosiru::scheduled_job::frappe.desk.form.document_follow.send_hourly_updates)
2024-11-15 17:00:07,645 home-harshit-frappe-bench:default: Job OK (gosiru::scheduled_job::frappe.desk.form.document_follow.send_hourly_updates)
2024-11-15 17:00:07,646 Result is kept for 600 seconds
2024-11-15 17:00:07,653 home-harshit-frappe-bench:default: frappe.utils.background_jobs.execute_job(event=None, is_async=True, job_name='frappe.core.doctype.scheduled_job_type.scheduled_job_type.run_scheduled_jo..., kwargs={'job_type': 'frappe.desk.page.backups.backups.delete_downloadable_backups'..., method='frappe.core.doctype.scheduled_job_type.scheduled_job_type.run_scheduled_jo..., site='gosiru', user='Administrator') (gosiru::scheduled_job::frappe.desk.page.backups.backups.delete_downloadable_backups)
2024-11-15 17:00:07,922 home-harshit-frappe-bench:default: Job OK (gosiru::scheduled_job::frappe.desk.page.backups.backups.delete_downloadable_backups)
2024-11-15 17:00:07,922 Result is kept for 600 seconds
2024-11-15 17:00:07,932 home-harshit-frappe-bench:default: frappe.utils.background_jobs.execute_job(event=None, is_async=True, job_name='frappe.core.doctype.scheduled_job_type.scheduled_job_type.run_scheduled_jo..., kwargs={'job_type': 'frappe.model.utils.user_settings.sync_user_settings'}, method='frappe.core.doctype.scheduled_job_type.scheduled_job_type.run_scheduled_jo..., site='gosiru', user='Administrator') (gosiru::scheduled_job::frappe.model.utils.user_settings.sync_user_settings)
2024-11-15 17:00:08,224 home-harshit-frappe-bench:default: Job OK (gosiru::scheduled_job::frappe.model.utils.user_settings.sync_user_settings)
2024-11-15 17:00:08,224 Result is kept for 600 seconds
2024-11-15 17:00:08,233 home-harshit-frappe-bench:default: frappe.utils.background_jobs.execute_job(event=None, is_async=True, job_name='frappe.core.doctype.scheduled_job_type.scheduled_job_type.run_scheduled_jo..., kwargs={'job_type': 'frappe.model.utils.link_count.update_link_count'}, method='frappe.core.doctype.scheduled_job_type.scheduled_job_type.run_scheduled_jo..., site='gosiru', user='Administrator') (gosiru::scheduled_job::frappe.model.utils.link_count.update_link_count)
2024-11-15 17:00:08,486 home-harshit-frappe-bench:default: Job OK (gosiru::scheduled_job::frappe.model.utils.link_count.update_link_count)
2024-11-15 17:00:08,487 Result is kept for 600 seconds
2024-11-15 17:00:08,494 home-harshit-frappe-bench:default: frappe.utils.background_jobs.execute_job(event=None, is_async=True, job_name='frappe.core.doctype.scheduled_job_type.scheduled_job_type.run_scheduled_jo..., kwargs={'job_type': 'frappe.automation.doctype.reminder.reminder.send_reminders'}, method='frappe.core.doctype.scheduled_job_type.scheduled_job_type.run_scheduled_jo..., site='gosiru', user='Administrator') (gosiru::scheduled_job::frappe.automation.doctype.reminder.reminder.send_reminders)
2024-11-15 17:00:08,796 home-harshit-frappe-bench:default: Job OK (gosiru::scheduled_job::frappe.automation.doctype.reminder.reminder.send_reminders)
2024-11-15 17:00:08,796 Result is kept for 600 seconds
2024-11-15 17:00:08,808 home-harshit-frappe-bench:default: frappe.utils.background_jobs.execute_job(event=None, is_async=True, job_name='frappe.core.doctype.scheduled_job_type.scheduled_job_type.run_scheduled_jo..., kwargs={'job_type': 'frappe.monitor.flush'}, method='frappe.core.doctype.scheduled_job_type.scheduled_job_type.run_scheduled_jo..., site='gosiru', user='Administrator') (gosiru::scheduled_job::frappe.monitor.flush)
2024-11-15 17:00:09,022 home-harshit-frappe-bench:default: Job OK (gosiru::scheduled_job::frappe.monitor.flush)
2024-11-15 17:00:09,022 Result is kept for 600 seconds
2024-11-15 17:00:09,029 home-harshit-frappe-bench:default: frappe.utils.background_jobs.execute_job(event=None, is_async=True, job_name='frappe.core.doctype.scheduled_job_type.scheduled_job_type.run_scheduled_jo..., kwargs={'job_type': 'frappe.email.queue.flush'}, method='frappe.core.doctype.scheduled_job_type.scheduled_job_type.run_scheduled_jo..., site='gosiru', user='Administrator') (gosiru::scheduled_job::frappe.email.queue.flush)
2024-11-15 17:00:09,321 home-harshit-frappe-bench:default: Job OK (gosiru::scheduled_job::frappe.email.queue.flush)
2024-11-15 17:00:09,321 Result is kept for 600 seconds
2024-11-15 17:00:09,331 home-harshit-frappe-bench:default: frappe.utils.background_jobs.execute_job(event=None, is_async=True, job_name='frappe.core.doctype.scheduled_job_type.scheduled_job_type.run_scheduled_jo..., kwargs={'job_type': 'frappe.email.doctype.email_account.email_account.pull'}, method='frappe.core.doctype.scheduled_job_type.scheduled_job_type.run_scheduled_jo..., site='gosiru', user='Administrator') (gosiru::scheduled_job::frappe.email.doctype.email_account.email_account.pull)
2024-11-15 17:00:09,594 home-harshit-frappe-bench:default: Job OK (gosiru::scheduled_job::frappe.email.doctype.email_account.email_account.pull)
2024-11-15 17:00:09,594 Result is kept for 600 seconds
2024-11-15 17:00:09,602 home-harshit-frappe-bench:default: frappe.utils.background_jobs.execute_job(event=None, is_async=True, job_name='frappe.core.doctype.scheduled_job_type.scheduled_job_type.run_scheduled_jo..., kwargs={'job_type': 'frappe.deferred_insert.save_to_db'}, method='frappe.core.doctype.scheduled_job_type.scheduled_job_type.run_scheduled_jo..., site='gosiru', user='Administrator') (gosiru::scheduled_job::frappe.deferred_insert.save_to_db)
2024-11-15 17:00:09,989 home-harshit-frappe-bench:default: Job OK (gosiru::scheduled_job::frappe.deferred_insert.save_to_db)
2024-11-15 17:00:09,989 Result is kept for 600 seconds
2024-11-15 17:00:09,997 home-harshit-frappe-bench:default: frappe.utils.background_jobs.execute_job(event=None, is_async=True, job_name='frappe.core.doctype.scheduled_job_type.scheduled_job_type.run_scheduled_jo..., kwargs={'job_type': 'frappe.utils.global_search.sync_global_search'}, method='frappe.core.doctype.scheduled_job_type.scheduled_job_type.run_scheduled_jo..., site='gosiru', user='Administrator') (gosiru::scheduled_job::frappe.utils.global_search.sync_global_search)
2024-11-15 17:00:10,235 home-harshit-frappe-bench:default: Job OK (gosiru::scheduled_job::frappe.utils.global_search.sync_global_search)
2024-11-15 17:00:10,235 Result is kept for 600 seconds
2024-11-15 17:00:10,242 home-harshit-frappe-bench:default: frappe.utils.background_jobs.execute_job(event=None, is_async=True, job_name='frappe.core.doctype.scheduled_job_type.scheduled_job_type.run_scheduled_jo..., kwargs={'job_type': 'frappe.email.doctype.email_account.email_account.notify_unrep..., method='frappe.core.doctype.scheduled_job_type.scheduled_job_type.run_scheduled_jo..., site='gosiru', user='Administrator') (gosiru::scheduled_job::frappe.email.doctype.email_account.email_account.notify_unreplied)
2024-11-15 17:00:10,547 home-harshit-frappe-bench:default: Job OK (gosiru::scheduled_job::frappe.email.doctype.email_account.email_account.notify_unreplied)
2024-11-15 17:00:10,548 Result is kept for 600 seconds
2024-11-15 17:00:10,556 home-harshit-frappe-bench:default: frappe.utils.background_jobs.execute_job(event=None, is_async=True, job_name='frappe.core.doctype.scheduled_job_type.scheduled_job_type.run_scheduled_jo..., kwargs={'job_type': 'frappe.twofactor.delete_all_barcodes_for_users'}, method='frappe.core.doctype.scheduled_job_type.scheduled_job_type.run_scheduled_jo..., site='gosiru', user='Administrator') (gosiru::scheduled_job::frappe.twofactor.delete_all_barcodes_for_users)
2024-11-15 17:00:10,849 home-harshit-frappe-bench:default: Job OK (gosiru::scheduled_job::frappe.twofactor.delete_all_barcodes_for_users)
2024-11-15 17:00:10,849 Result is kept for 600 seconds
2024-11-15 17:00:10,858 home-harshit-frappe-bench:default: frappe.utils.background_jobs.execute_job(event=None, is_async=True, job_name='frappe.core.doctype.scheduled_job_type.scheduled_job_type.run_scheduled_jo..., kwargs={'job_type': 'frappe.website.doctype.web_page.web_page.check_publish_status..., method='frappe.core.doctype.scheduled_job_type.scheduled_job_type.run_scheduled_jo..., site='gosiru', user='Administrator') (gosiru::scheduled_job::frappe.website.doctype.web_page.web_page.check_publish_status)
2024-11-15 17:00:11,243 home-harshit-frappe-bench:default: Job OK (gosiru::scheduled_job::frappe.website.doctype.web_page.web_page.check_publish_status)
2024-11-15 17:00:11,243 Result is kept for 600 seconds
2024-11-15 17:00:11,253 home-harshit-frappe-bench:default: frappe.utils.background_jobs.execute_job(event=None, is_async=True, job_name='frappe.core.doctype.scheduled_job_type.scheduled_job_type.run_scheduled_jo..., kwargs={'job_type': 'frappe.oauth.delete_oauth2_data'}, method='frappe.core.doctype.scheduled_job_type.scheduled_job_type.run_scheduled_jo..., site='gosiru', user='Administrator') (gosiru::scheduled_job::frappe.oauth.delete_oauth2_data)
2024-11-15 17:00:11,536 home-harshit-frappe-bench:default: Job OK (gosiru::scheduled_job::frappe.oauth.delete_oauth2_data)
2024-11-15 17:00:11,536 Result is kept for 600 seconds
2024-11-15 17:00:20,558 home-harshit-frappe-bench:default: frappe.utils.background_jobs.execute_job(event=None, is_async=True, job_name='frappe.core.doctype.user.user.create_contact', kwargs={'user': <User: harshitpadha@gmail.com>, 'ignore_mandatory': True}, method='frappe.core.doctype.user.user.create_contact', site='gosiru', user='harshitpadha@gosiru.com') (gosiru::b2d0994c-252a-4a3a-b25c-712082f10547)
2024-11-15 17:00:21,116 home-harshit-frappe-bench:default: Job OK (gosiru::b2d0994c-252a-4a3a-b25c-712082f10547)
2024-11-15 17:00:21,116 Result is kept for 600 seconds
2024-11-15 17:00:21,128 home-harshit-frappe-bench:default: frappe.utils.background_jobs.execute_job(event=None, is_async=True, job_name='frappe.core.doctype.user.user.update_gravatar', kwargs={'name': 'harshitpadha@gmail.com'}, method='frappe.core.doctype.user.user.update_gravatar', site='gosiru', user='harshitpadha@gosiru.com') (gosiru::614a9cfa-a1f4-487f-a58f-25bfa8c5d0d4)
2024-11-15 17:00:21,348 home-harshit-frappe-bench:default: Job OK (gosiru::614a9cfa-a1f4-487f-a58f-25bfa8c5d0d4)
2024-11-15 17:00:21,348 Result is kept for 600 seconds
2024-11-15 17:02:04,088 home-harshit-frappe-bench:long: frappe.utils.background_jobs.execute_job(event=None, is_async=True, job_name='frappe.core.doctype.scheduled_job_type.scheduled_job_type.run_scheduled_jo..., kwargs={'job_type': 'erpnext.stock.doctype.repost_item_valuation.repost_item_valua..., method='frappe.core.doctype.scheduled_job_type.scheduled_job_type.run_scheduled_jo..., site='gosiru', user='Administrator') (gosiru::scheduled_job::erpnext.stock.doctype.repost_item_valuation.repost_item_valuation.repost_entries)
2024-11-15 17:02:04,603 home-harshit-frappe-bench:long: Job OK (gosiru::scheduled_job::erpnext.stock.doctype.repost_item_valuation.repost_item_valuation.repost_entries)
2024-11-15 17:02:04,603 Result is kept for 600 seconds
2024-11-15 17:04:04,560 home-harshit-frappe-bench:long: frappe.utils.background_jobs.execute_job(event=None, is_async=True, job_name='frappe.core.doctype.scheduled_job_type.scheduled_job_type.run_scheduled_jo..., kwargs={'job_type': 'erpnext.utilities.bulk_transaction.retry'}, method='frappe.core.doctype.scheduled_job_type.scheduled_job_type.run_scheduled_jo..., site='gosiru', user='Administrator') (gosiru::scheduled_job::erpnext.utilities.bulk_transaction.retry)
2024-11-15 17:04:04,850 home-harshit-frappe-bench:long: Job OK (gosiru::scheduled_job::erpnext.utilities.bulk_transaction.retry)
2024-11-15 17:04:04,850 Result is kept for 600 seconds
2024-11-15 17:04:04,859 home-harshit-frappe-bench:default: frappe.utils.background_jobs.execute_job(event=None, is_async=True, job_name='frappe.core.doctype.scheduled_job_type.scheduled_job_type.run_scheduled_jo..., kwargs={'job_type': 'frappe.automation.doctype.reminder.reminder.send_reminders'}, method='frappe.core.doctype.scheduled_job_type.scheduled_job_type.run_scheduled_jo..., site='gosiru', user='Administrator') (gosiru::scheduled_job::frappe.automation.doctype.reminder.reminder.send_reminders)
2024-11-15 17:04:05,108 home-harshit-frappe-bench:default: Job OK (gosiru::scheduled_job::frappe.automation.doctype.reminder.reminder.send_reminders)
2024-11-15 17:04:05,108 Result is kept for 600 seconds
2024-11-15 17:04:05,117 home-harshit-frappe-bench:default: frappe.utils.background_jobs.execute_job(event=None, is_async=True, job_name='frappe.core.doctype.scheduled_job_type.scheduled_job_type.run_scheduled_jo..., kwargs={'job_type': 'frappe.monitor.flush'}, method='frappe.core.doctype.scheduled_job_type.scheduled_job_type.run_scheduled_jo..., site='gosiru', user='Administrator') (gosiru::scheduled_job::frappe.monitor.flush)
2024-11-15 17:04:05,343 home-harshit-frappe-bench:default: Job OK (gosiru::scheduled_job::frappe.monitor.flush)
2024-11-15 17:04:05,343 Result is kept for 600 seconds
2024-11-15 17:04:05,351 home-harshit-frappe-bench:default: frappe.utils.background_jobs.execute_job(event=None, is_async=True, job_name='frappe.core.doctype.scheduled_job_type.scheduled_job_type.run_scheduled_jo..., kwargs={'job_type': 'frappe.email.queue.flush'}, method='frappe.core.doctype.scheduled_job_type.scheduled_job_type.run_scheduled_jo..., site='gosiru', user='Administrator') (gosiru::scheduled_job::frappe.email.queue.flush)
2024-11-15 17:04:05,673 home-harshit-frappe-bench:default: Job OK (gosiru::scheduled_job::frappe.email.queue.flush)
2024-11-15 17:04:05,673 Result is kept for 600 seconds
2024-11-15 17:08:05,467 home-harshit-frappe-bench:default: frappe.utils.background_jobs.execute_job(event=None, is_async=True, job_name='frappe.core.doctype.scheduled_job_type.scheduled_job_type.run_scheduled_jo..., kwargs={'job_type': 'frappe.automation.doctype.reminder.reminder.send_reminders'}, method='frappe.core.doctype.scheduled_job_type.scheduled_job_type.run_scheduled_jo..., site='gosiru', user='Administrator') (gosiru::scheduled_job::frappe.automation.doctype.reminder.reminder.send_reminders)
2024-11-15 17:08:05,734 home-harshit-frappe-bench:default: Job OK (gosiru::scheduled_job::frappe.automation.doctype.reminder.reminder.send_reminders)
2024-11-15 17:08:05,735 Result is kept for 600 seconds
2024-11-15 17:08:05,744 home-harshit-frappe-bench:default: frappe.utils.background_jobs.execute_job(event=None, is_async=True, job_name='frappe.core.doctype.scheduled_job_type.scheduled_job_type.run_scheduled_jo..., kwargs={'job_type': 'frappe.monitor.flush'}, method='frappe.core.doctype.scheduled_job_type.scheduled_job_type.run_scheduled_jo..., site='gosiru', user='Administrator') (gosiru::scheduled_job::frappe.monitor.flush)
2024-11-15 17:08:06,005 home-harshit-frappe-bench:default: Job OK (gosiru::scheduled_job::frappe.monitor.flush)
2024-11-15 17:08:06,005 Result is kept for 600 seconds
2024-11-15 17:08:06,015 home-harshit-frappe-bench:default: frappe.utils.background_jobs.execute_job(event=None, is_async=True, job_name='frappe.core.doctype.scheduled_job_type.scheduled_job_type.run_scheduled_jo..., kwargs={'job_type': 'frappe.email.queue.flush'}, method='frappe.core.doctype.scheduled_job_type.scheduled_job_type.run_scheduled_jo..., site='gosiru', user='Administrator') (gosiru::scheduled_job::frappe.email.queue.flush)
2024-11-15 17:08:06,389 home-harshit-frappe-bench:default: Job OK (gosiru::scheduled_job::frappe.email.queue.flush)
2024-11-15 17:08:06,389 Result is kept for 600 seconds
2024-11-15 17:15:59,694 home-harshit-frappe-bench:long: frappe.utils.background_jobs.execute_job(event=None, is_async=True, job_name='frappe.search.website_search.build_index_for_all_routes', kwargs={}, method=<function build_index_for_all_routes at 0x7989d639d120>, site='gosiru', user='Administrator') (gosiru::b9b50ec4-a6d1-42cd-9d22-b366c2a20e52)
Retrieving Routes                   : [=                                       ] 2%Retrieving Routes                   : [==                                      ] 5%Retrieving Routes                   : [===                                     ] 7%Retrieving Routes                   : [====                                    ] 10%Retrieving Routes                   : [=====                                   ] 13%Retrieving Routes                   : [======                                  ] 15%Retrieving Routes                   : [=======                                 ] 18%Retrieving Routes                   : [========                                ] 21%Retrieving Routes                   : [=========                               ] 23%Retrieving Routes                   : [==========                              ] 26%Retrieving Routes                   : [===========                             ] 28%Retrieving Routes                   : [============                            ] 31%Retrieving Routes                   : [=============                           ] 34%Retrieving Routes                   : [==============                          ] 36%Retrieving Routes                   : [===============                         ] 39%Retrieving Routes                   : [================                        ] 42%Retrieving Routes                   : [=================                       ] 44%Retrieving Routes                   : [==================                      ] 47%Retrieving Routes                   : [====================                    ] 50%Retrieving Routes                   : [=====================                   ] 52%Retrieving Routes                   : [======================                  ] 55%Retrieving Routes                   : [=======================                 ] 57%Retrieving Routes                   : [========================                ] 60%Retrieving Routes                   : [=========================               ] 63%Retrieving Routes                   : [==========================              ] 65%Retrieving Routes                   : [===========================             ] 68%Retrieving Routes                   : [============================            ] 71%Retrieving Routes                   : [=============================           ] 73%Retrieving Routes                   : [==============================          ] 76%Retrieving Routes                   : [===============================         ] 78%Retrieving Routes                   : [================================        ] 81%Retrieving Routes                   : [=================================       ] 84%Retrieving Routes                   : [==================================      ] 86%Retrieving Routes                   : [===================================     ] 89%Retrieving Routes                   : [====================================    ] 92%Retrieving Routes                   : [=====================================   ] 94%Retrieving Routes                   : [======================================  ] 97%Retrieving Routes                   : [========================================] 100%
Building Index                      : [=                                       ] 2%Building Index                      : [==                                      ] 5%Building Index                      : [===                                     ] 7%Building Index                      : [====                                    ] 10%Building Index                      : [=====                                   ] 13%Building Index                      : [======                                  ] 15%Building Index                      : [=======                                 ] 18%Building Index                      : [========                                ] 21%Building Index                      : [=========                               ] 23%Building Index                      : [==========                              ] 26%Building Index                      : [===========                             ] 28%Building Index                      : [============                            ] 31%Building Index                      : [=============                           ] 34%Building Index                      : [==============                          ] 36%Building Index                      : [===============                         ] 39%Building Index                      : [================                        ] 42%Building Index                      : [=================                       ] 44%Building Index                      : [==================                      ] 47%Building Index                      : [====================                    ] 50%Building Index                      : [=====================                   ] 52%Building Index                      : [======================                  ] 55%Building Index                      : [=======================                 ] 57%Building Index                      : [========================                ] 60%Building Index                      : [=========================               ] 63%Building Index                      : [==========================              ] 65%Building Index                      : [===========================             ] 68%Building Index                      : [============================            ] 71%Building Index                      : [=============================           ] 73%Building Index                      : [==============================          ] 76%Building Index                      : [===============================         ] 78%Building Index                      : [================================        ] 81%Building Index                      : [=================================       ] 84%Building Index                      : [==================================      ] 86%Building Index                      : [===================================     ] 89%Building Index                      : [====================================    ] 92%Building Index                      : [=====================================   ] 94%Building Index                      : [======================================  ] 97%Building Index                      : [========================================] 100%2024-11-15 17:16:19,909 home-harshit-frappe-bench:long: Job OK (gosiru::b9b50ec4-a6d1-42cd-9d22-b366c2a20e52)
2024-11-15 17:16:19,910 Result is kept for 600 seconds
2024-11-15 17:23:05,399 Cleaning registries for queue: home-harshit-frappe-bench:short
2024-11-15 17:23:06,197 Cleaning registries for queue: home-harshit-frappe-bench:default
2024-11-15 17:23:06,806 Cleaning registries for queue: home-harshit-frappe-bench:long
